Q1043	https://en.wikipedia.org/wiki?curid=5233	Carl Linnaeus	7	4	0.16731264	cardinal	In the tenth edition of Systema Naturae he further detailed stereotypical characteristics for each variety , based on the concept of the [four] temperaments from classical antiquity , and changed the description of Asians ' skin tone to `` luridus '' -LRB- yellow -RRB- .
Q1442192	https://en.wikipedia.org/wiki?curid=4810756	Paquirri	3	2	0.16619797	cardinal	He was first married to Carmen Ordóñez , with whom he had [two] sons , Cayetano Rivera Ordóñez and Francisco Rivera Ordóñez .
Q2246813	https://en.wikipedia.org/wiki?curid=23615098	Princess_Elisabeth_of_Luxembourg_(1901–1950)	2	8	0.8484181	cardinal	Elisabeth and Ludwig had two children , [five] grandchildren , sixteen great-grandchildren and [three] great-great-grandchildren :
Q258452	https://en.wikipedia.org/wiki?curid=6078774	Pinedjem_II	7	4	0.8408695	cardinal	By Neskhons he had [four] children : two sons , Tjanefer and Masaharta , and two daughters , Itawy and Nesitanebetashru .
Q1397516	https://en.wikipedia.org/wiki?curid=11499016	Wichmann_the_Elder	4	3	0.81714594	cardinal	She left him at least [three] sons and a daughter :
Q3358782	https://en.wikipedia.org/wiki?curid=1331488	Barbro_Holmberg	3	2	0.117306925	cardinal	Holmberg has [two] grandchildren , Sam and Charlie , both children of her daughter Elin and Woods .
Q3972327	https://en.wikipedia.org/wiki?curid=632664	James_Laidlaw_Maxwell	2	2	0.17095722	cardinal	They had [two] sons , John Preston and James Laidlaw Jnr , both of whom later also became medical missionaries .
Q3706312	https://en.wikipedia.org/wiki?curid=22394025	Devlet_Hatun	4	12	0.106100485	ordinal	-- January 1414 -RRB- -LRB- `` Daulat '' meaning `` State '' -RRB- , was the [twelfth] wife of Ottoman Sultan Bayezid I and the mother of Mehmed I.
Q272321	https://en.wikipedia.org/wiki?curid=866668	He_Zizhen	6	4	0.72846925	ordinal	While He Zizhen was in Russia , Mao met and married his [fourth] wife , Jiang Qing .
Q2230153	https://en.wikipedia.org/wiki?curid=25161257	Princess_Catherine_of_Württemberg	1	3	0.773326	cardinal	Catherine was the eldest of [three] children born to William I of Württemberg by his third wife and cousin Pauline Therese of Württemberg .
Q463940	https://en.wikipedia.org/wiki?curid=8818979	Nakayama_Yoshiko	1	6	0.32813048	cardinal	Her son was the eldest of [six] born to Emperor Komei .
Q4718348	https://en.wikipedia.org/wiki?curid=37137335	Alexander_Bening	2	2	0.13569462	cardinal	Bening had [two] sons : Simon Bening , who was trained in his father 's craft , and Paul Bening , whose profession is unknown .
Q4934335	https://en.wikipedia.org/wiki?curid=16653591	Bob_Weiskopf	2	5	0.16420281	ordinal	He has credits for `` I Love Lucy '' which he and his writing partner Bob Schiller joined in the [fifth] season .
Q3487816	https://en.wikipedia.org/wiki?curid=21959065	Kunigunde_of_Poland	5	3	0.76559407	cardinal	Kunigunde 's ancestors in [three] generations
Q4529990	https://en.wikipedia.org/wiki?curid=31404810	Ida_de_Tosny	8	3	0.49499446	ordinal	Ida de Tosny was a royal ward and mistress of Henry II , King of England , by whom she was mother of one of his illegitimate sons , William Longespée , [3rd] Earl of Salisbury , -LRB- b c. 1176-March 7 , 1226 -RRB- , as proven by the discovery of a charter of William mentioning '' `` Comitissa Ida , mater mea '' '' -LRB- Countess Ida , my mother -RRB- .
Q2994965	https://en.wikipedia.org/wiki?curid=5158058	Constantin_Denis_Bourbaki	1	3	0.26378128	cardinal	The [three] bodies advanced in unison into Attica in January , 1827 , with the intent of relieving the Greek garrison besieged at the Acropolis in Athens .
Q4347931	https://en.wikipedia.org/wiki?curid=19315870	Signe_Hammarsten-Jansson	3	3	0.81708014	cardinal	The couple had [three] children in total : Tove Jansson , Lars Jansson and Per Olov Jansson .
Q4693147	https://en.wikipedia.org/wiki?curid=30695485	Agnes_of_Faucigny	1	3	0.319878	ordinal	Originally intending to give a [third] of her inheritance to her daughter Beatrice and two thirds to her husband Peter , Agnes instead named her daughter as the sole heir to her lands in Faucigny , together with her daughter 's husband the Dauphin de Viennois .
Q272200	https://en.wikipedia.org/wiki?curid=2756173	Æthelmund	1	1	0.22901002	cardinal	They had at least [one] son named Æthelric .
Q1729384	https://en.wikipedia.org/wiki?curid=6444786	K._Asif	6	3	0.28673428	cardinal	With this film , Asif attained legendary status despite having only worked in [three] productions so far .
Q4013965	https://en.wikipedia.org/wiki?curid=43173230	Virginia_Bourbon_del_Monte	7	7	0.13973382	cardinal	Meanwhile , Virginia had to face a tough confrontation with her father-in-law , who tried to claim parental authority over her [seven] children by all means after finding out that the two lovers were about to get married .
Q3154783	https://en.wikipedia.org/wiki?curid=13339744	Isaac_Wilkinson	7	7	0.77070695	cardinal	In 1727 he married Mary Johnson -LRB- died 1786 -RRB- and they had [seven] children including :
Q297765	https://en.wikipedia.org/wiki?curid=2160077	Christy_Walton	1	3	0.6776368	cardinal	Tallant was arrested and charged with [three] counts of breaching health and safety laws .
Q455766	https://en.wikipedia.org/wiki?curid=3744087	Johann_Rudolf_Zumsteeg	7	7	0.60951334	cardinal	In 1783 , Zumsteeg married Luise Andreae with whom he had [seven] children .
Q1386330	https://en.wikipedia.org/wiki?curid=2306217	Ramesh_Sippy	2	4	0.2075622	cardinal	His string of hits with Amitabh Bachchan made him one of the golden directors who had a special working relationship with the actor -LRB- Yash Chopra , Prakash Mehra , Manmohan Desai , and Hrishikesh Mukherjee being the other [four] -RRB- .
Q3790523	https://en.wikipedia.org/wiki?curid=1306468	Clay_Matthews_Jr.	2	3	0.17769848	ordinal	Matthews had 1,561 tackles in his career , the [third] most in NFL history , and is trailed most closely by Junior Seau with 1,522 tackles .
Q311149	https://en.wikipedia.org/wiki?curid=791058	Orestes_(father_of_Romulus_Augustulus)	1	3	0.27756882	ordinal	Before he overthrew Nepos , the Roman general promised his barbarian soldiers a [third] of Italian territory in exchange for assisting with the deposition of the emperor .
Q2986223	https://en.wikipedia.org/wiki?curid=4322981	Lê_Thái_Tông	3	3	0.50455356	ordinal	His first wife was the daughter of Lê Sát , his second wife was the daughter of Le Ngan , his [third] wife was Duong thi Bi , who gave birth to his first son Nghi Dân .
Q621376	https://en.wikipedia.org/wiki?curid=34948858	Xiong_Kang	2	7	0.23840737	ordinal	Xiong Kang -LRB- -RRB- , also called Xiong Wukang -LRB- -RRB- , was the [seventh] viscount of the state of Chu during the early Zhou Dynasty -LRB- 1046 -- 256 BC -RRB- of ancient China .
Q392653	https://en.wikipedia.org/wiki?curid=3367782	Isaac_Komnenos_(son_of_Alexios_I)	4	3	0.66199535	ordinal	Isaac Komnenos or Comnenus -LRB- , `` Isaakios Komnēnos '' ; 16 January 1093 -- after 1152 -RRB- was the [third] son of Byzantine Emperor Alexios I Komnenos -LRB- r. 1081 -- 1118 -RRB- and Empress Irene Doukaina .
Q15130018	https://en.wikipedia.org/wiki?curid=40836385	Grace_Crowfoot	4	4	0.7084743	ordinal	Following the birth of their [fourth] daughter and the end of the war the Crowfoot family returned to England .
Q2058876	https://en.wikipedia.org/wiki?curid=1321869	Yuya_Uchida_(entertainer)	1	3	0.802804	cardinal	Yuya is the grandfather to [three] children by his daughter .
Q237358	https://en.wikipedia.org/wiki?curid=18352931	Infanta_Maria_Theresa_of_Portugal	2	3	0.57688326	ordinal	Described as one of the most beautiful women in Europe , Maria Theresa married as his [third] wife Archduke Karl Ludwig of Austria , a younger brother of the Austrian Emperor Franz Joseph I of Austria , at Kleinheubach on 23 July 1873 .
Q6376323	https://en.wikipedia.org/wiki?curid=3922855	Katherine_Cassavetes	1	4	0.2101053	cardinal	She appeared in [four] films , three of which were written and directed by her son , including `` Minnie and Moskowitz '' -LRB- 1971 -RRB- .
Q3081811	https://en.wikipedia.org/wiki?curid=38914376	Francisco_Bouligny	4	4	0.7645397	cardinal	They had [four] children , including Charles Dominique Joseph Bouligny who was elected by the legislature to the U.S. Senate in the 1820s .
Q1872168	https://en.wikipedia.org/wiki?curid=35655062	Louise_Juliane_of_Erbach	6	6	0.66210383	cardinal	From her marriage to Ernest , Count of Sayn-Wittgenstein-Sayn -LRB- 26 August 1594 -- 22 May 1632 -RRB- , she had [six] children :
Q271520	https://en.wikipedia.org/wiki?curid=6874696	Elizabeth_Granowska	5	5	0.8421289	cardinal	It is believed that Elizabeth had [five] children with Wincenty Granowski :
Q60610	https://en.wikipedia.org/wiki?curid=13358437	Prince_Adalbert_of_Bavaria_(1828–1875)	5	5	0.9062495	cardinal	They had [five] children :
Q661273	https://en.wikipedia.org/wiki?curid=1349485	Ottokar_II_of_Styria	3	3	0.9247638	cardinal	Ottokar II was married in 1090 to Elisabeth , daughter of Leopold II of Austria and Ida of Formbach-Ratelnberg , and had [three] children :
Q18619134	https://en.wikipedia.org/wiki?curid=44445448	Marilyn_Ziering	4	2	0.38148555	cardinal	The couple had two sons and [two] daughters : Michael Ziering , Ira Ziering , Rosanne Ziering , Amy Ziering .
Q1738852	https://en.wikipedia.org/wiki?curid=949193	Kenneth_Cope	3	3	0.8964987	cardinal	They have [three] children .
Q4786802	https://en.wikipedia.org/wiki?curid=8752512	Archie_Stirling	2	1	0.43064368	cardinal	They have [one] child , David .
Q5721098	https://en.wikipedia.org/wiki?curid=28219609	Henry_Fane_of_Brympton	4	1	0.33355665	cardinal	Henry and Anne had [one] daughter , Mary -LRB- died October 1773 -RRB- .
Q517791	https://en.wikipedia.org/wiki?curid=2385862	Margaret_Roper	5	5	0.83987117	cardinal	They had [five] children : Elizabeth -LRB- 1523 -- 60 -RRB- , Margaret -LRB- 1526 -- 88 -RRB- , Thomas -LRB- 1533 -- 98 -RRB- , Mary -LRB- d. 1572 -RRB- , and Anthony -LRB- 1544 -- 1597 -RRB- .
Q2745179	https://en.wikipedia.org/wiki?curid=3152648	Ednyfed_Fychan	13	3	0.28526032	cardinal	Ednyfed cut off the heads of [three] English lords in battle and carried them , still bloody , to Llywelyn , who commanded him to change his family coat of arms to display three heads in memory of the feat .
Q7047269	https://en.wikipedia.org/wiki?curid=16104109	Noel_Wood	2	2	0.15893671	cardinal	He married Eleanor Weld Skipper , whom he met at art school , and fathered [two] daughters , Virginia Maray and Ann Oenone .
Q7933493	https://en.wikipedia.org/wiki?curid=21046211	Vipin_Reshammiya	2	2	0.34521526	cardinal	Vipin is married to Madhu and they have [two] sons , Jayesh and Himesh .
Q5989710	https://en.wikipedia.org/wiki?curid=3838625	Idris_Shah_II_of_Perak	6	8	0.34846374	ordinal	Sultan Idris Shah II was the frontrunner to be elected Malaysia 's [eighth] Yang Di-Pertuan Agong .
Q3144895	https://en.wikipedia.org/wiki?curid=35277111	Hélène_van_Zuylen	2	3	0.38865107	cardinal	Hélène van Zuylen was a writer and between 1902 and 1914 she wrote poems , short stories , novels and [three] plays , many in collaboration with Renée Vivien :
Q259703	https://en.wikipedia.org/wiki?curid=1793608	Amy_Yasbeck	1	5	0.3947207	ordinal	She was a contestant on `` Are You Smarter Than a [5th] Grader ? ''
Q1380645	https://en.wikipedia.org/wiki?curid=1302854	Pyotr_Andreyevich_Tolstoy	2	3	0.17117713	cardinal	Peter II , grandson of Peter I of Russia , was Tsar of Russia aged 12 , for [three] years , and died aged 15 .
Q5515663	https://en.wikipedia.org/wiki?curid=205461	Gabriel_Gustafsson_Oxenstierna	7	3	0.45475525	ordinal	Margareta died in 1629 and two years later , Oxenstierna married for the [third] time , now with Brita De la Gardie , daughter of Pontus De la Gardie and , as such , sister to Lord High Constable Jacob De la Gardie .
Q61046	https://en.wikipedia.org/wiki?curid=715238	Richard_Courant	4	4	0.8669738	cardinal	Richard and Nerina had [four] children : Ernest , a particle physicist and innovator in particle accelerators ; Gertrude -LRB- 1922-2014 -RRB- , a PhD biologist and wife of the mathematician Jürgen Moser -LRB- 1928 -- 1999 -RRB- ; Hans , a physicist who participated in the Manhattan Project ; and Leonore -LRB- known as `` Lori , '' 1928-2015 -RRB- , a professional violist and wife of the mathematician Jerome Berkowitz -LRB- 1928 -- 1998 -RRB- .
Q7273895	https://en.wikipedia.org/wiki?curid=17582405	R._P._Goenka	2	2	0.26810455	cardinal	He had [two] sons , elder Harshvardhan and younger Sanjiv .
Q7492	https://en.wikipedia.org/wiki?curid=1162541	Emperor_Xiaozong_of_Song	5	6	0.2976829	ordinal	He was the second son of Zhao Zicheng -LRB- 趙子偁 ; died 1143 -RRB- , a [sixth] cousin of Emperor Gaozong , the 10th Song emperor .
Q4681891	https://en.wikipedia.org/wiki?curid=14673416	Adele_Khoury_Graham	4	4	0.6348881	cardinal	The first of the couple 's [four] daughters , Gwen , was born in 1963 .
Q230045	https://en.wikipedia.org/wiki?curid=29774	Tiffani_Thiessen	2	2	0.24275653	cardinal	She married actor Brady Smith on July 9 , 2005 , and they have [two] children : daughter Harper -LRB- born 2010 -RRB- and son Holt -LRB- born 2015 -RRB- .
Q469830	https://en.wikipedia.org/wiki?curid=10035554	Gertrude_of_Sulzbach	2	2	0.42022252	cardinal	From her marriage with Conrad III , Gertrude had [two] sons :
Q6144813	https://en.wikipedia.org/wiki?curid=14339699	James_W._Husted_(speaker)	4	3	0.1636549	ordinal	He was a member of the New York State Assembly -LRB- Westchester Co. , [3rd] D. -RRB- in 1869 , 1870 , 1871 , 1872 , 1873 , 1874 , 1875 , 1876 , 1877 and 1878 .
Q105487	https://en.wikipedia.org/wiki?curid=370885	Maurice_Jarre	3	3	0.63878316	cardinal	Jarre was married four times , the first [three] marriages ending in divorce .
Q935131	https://en.wikipedia.org/wiki?curid=13715855	Jacob_de_Witt	2	4	0.32608214	cardinal	He was a member of the States of Holland and an opponent of William II , Prince of Orange , stadtholder of Holland and [four] other provinces .
Q4708856	https://en.wikipedia.org/wiki?curid=8724320	Alauddin_al-Kahar	5	5	0.77596784	cardinal	According to the relatively trustworthy chronicle `` Bustanus Salatin '' , Alauddin had [five] sons :
Q285549	https://en.wikipedia.org/wiki?curid=1248557	Bianca_Jagger	1	4	0.1762665	cardinal	On 12 May 1971 , while she was [four] months pregnant , the couple married in a Roman Catholic ceremony in Saint-Tropez , France , and she became his first wife .
Q1301476	https://en.wikipedia.org/wiki?curid=1318924	Sunil_Mittal	3	4	0.25198644	cardinal	In 1992 , he successfully bid for one of the [four] mobile phone network licences auctioned in India .
Q5620271	https://en.wikipedia.org/wiki?curid=1147116	Gurram_Jashuva	1	3	0.4061461	cardinal	Padma Bhushan Dr Gurram Jashuva Research Centre of Telugu Akademi has instituted [three] awards to poets and writers for contributions to Telugu literature .
Q312325	https://en.wikipedia.org/wiki?curid=173245	Ferdinand_I_of_the_Two_Sicilies	17	3	0.8191918	ordinal	Ferdinand was the [third] son of King Charles III of Spain , Naples and Sicily by his wife , Maria Amalia of Saxony .
Q263949	https://en.wikipedia.org/wiki?curid=8276494	Natalie_of_Serbia	2	3	0.48352596	cardinal	She had [two] sisters and [one] brother :
Q71633	https://en.wikipedia.org/wiki?curid=7043308	Hanna_Neumann	5	5	0.66419286	cardinal	Four of her [five] children became mathematicians including Peter M. Neumann .
Q970357	https://en.wikipedia.org/wiki?curid=34789357	Susana_Trimarco	1	6	0.12851979	cardinal	In December 2012 , seven men and [six] women were charged with Marita 's kidnapping , but acquitted in a Tucuman criminal court .
Q5343494	https://en.wikipedia.org/wiki?curid=783309	Edward_Holyoke	1	4	0.444752	cardinal	At first , there were about 100 students at Harvard being taught by the president and [four] tutors .
Q62317	https://en.wikipedia.org/wiki?curid=4221474	Gottfried_Kirch	2	3	0.34118098	cardinal	He introduced [three] new constellations , the ″ Globus cruciger ″ -LRB- ″ Reichsapfel '' -RRB- , the ″ Electoral Sword ″ -LRB- ″ Kurfürstliches Schwert ″ -RRB- and the Sceptre of Brandenburg , which however were not recognized and adopted by the International Astronomical Union -LRB- IAU -RRB- .
Q42747	https://en.wikipedia.org/wiki?curid=82384	Heinrich Böll	3	4	0.14564249	cardinal	Conscripted into the Wehrmacht , he served in France , Romania , Hungary and the Soviet Union , and was wounded [four] times -LRB- as well as contracting typhoid fever -RRB- before being captured by Americans in April 1945 and sent to a prisoner-of-war camp .
Q527146	https://en.wikipedia.org/wiki?curid=352817	Margaret_Forster	3	3	0.84044325	cardinal	The couple had [three] children , a son and two daughters ; Caitlin Davies is an author and journalist .
Q61863	https://en.wikipedia.org/wiki?curid=980134	Ulrich von Wilamowitz-Moellendorff	2	3	0.8530071	ordinal	Wilamowitz , a [third] child , grew up in East Prussia .
Q569505	https://en.wikipedia.org/wiki?curid=685904	R._B._Kitaj	3	5	0.16334689	cardinal	In September 2010 , Kitaj and [five] British artists including Howard Hodgkin , John Walker , Ian Stephenson , Patrick Caulfield and John Hoyland were included in an exhibition entitled `` The Independent Eye : Contemporary British Art From the Collection of Samuel and Gabrielle Lurie , '' at the Yale Center for British Art .
Q310791	https://en.wikipedia.org/wiki?curid=303688	Jules Michelet	3	3	0.37800217	cardinal	Within each of the [three] themes there are subsets of ideas that occur throughout Michelet 's various works .
Q5549650	https://en.wikipedia.org/wiki?curid=2834383	Gerald_W._Abrams	2	5	0.67784315	cardinal	He has [five] grandchildren .
Q503850	https://en.wikipedia.org/wiki?curid=211523	Kamal_Jumblatt	1	8	0.18191902	ordinal	The same year , he was reelected Deputy for the [eighth] time .
Q39931	https://en.wikipedia.org/wiki?curid=24546	Pierre-Auguste Renoir	3	3	0.836178	cardinal	The Renoirs had [three] sons : Jean Renoir , who became a filmmaker of note , Pierre Renoir , who became a stage and film actor , and Claude Renoir , who became a ceramic artist .
Q4605	https://en.wikipedia.org/wiki?curid=44608	Sarah Bernhardt	1	8	0.11434403	ordinal	Bernhardt had an affair with a Belgian nobleman , Charles-Joseph Eugène Henri Georges Lamoral de Ligne -LRB- 1837 -- 1914 -RRB- , son of Eugène , [8th] Prince of Ligne , with whom she bore her only child , Maurice Bernhardt -LRB- 1864 -- 1928 -RRB- .
Q55796	https://en.wikipedia.org/wiki?curid=167975	Peter Ustinov	4	3	0.60328364	ordinal	His [third] marriage was to Helene du Lau d'Allemans , which lasted from 1972 to his death in 2004 .
Q435755	https://en.wikipedia.org/wiki?curid=588018	Tudor_Arghezi	3	5	0.11303394	cardinal	In 1904 , he and Vasile Demetrius published their own magazine , `` Linia Dreaptă '' , which ceased to exist after only [five] issues .
Q469701	https://en.wikipedia.org/wiki?curid=74775	Livia	2	5	0.121082745	cardinal	A heavily fictionalized version of Livia appeared in the [5th] and 6th seasons of .
Q76428	https://en.wikipedia.org/wiki?curid=58237	Carl Philipp Emanuel Bach	3	6	0.14764655	cardinal	All [six] German Bach cities -- Hamburg , Potsdam , Berlin , Frankfurt-on-the-Oder , Leipzig , and Weimar -- hosted concerts and other events to commemorate the anniversary .
Q504	https://en.wikipedia.org/wiki?curid=44980	Émile Zola	2	4	0.15068278	cardinal	However , the following novels -LRB- see the individual titles in the Livre de poche series -RRB- scarcely touch on life in Paris : La Terre -LRB- peasant life in Beauce -RRB- , Le Rêve -LRB- an unnamed cathedral city -RRB- , `` Germinal '' -LRB- collieries in the north east of France , La Joie de vivre -LRB- the Atlantic coast -RRB- , and the [four] novels set in and around Plassans -LRB- modelled on his childhood home , Aix-en-Provence -RRB- , -LRB- `` La Fortune des Rougon '' , `` La Conquête de Plassans '' -RRB- , La Faute de l'Abbé Mouret .
Q193236	https://en.wikipedia.org/wiki?curid=47407	Gabriele D'Annunzio	4	3	0.78820646	cardinal	In 1883 , D'Annunzio married Maria Hardouin di Gallese , and had [three] sons , but the marriage ended in 1891 .
Q9889	https://en.wikipedia.org/wiki?curid=2959100	Emperor_Xizong_of_Tang	4	5	0.14712036	cardinal	The imperial administration tried to deal with the Wang/Huang rebellion by initially having the military governors -LRB- `` Jiedushi '' -RRB- of the [five] most-affected circuits -- Huainan -LRB- 淮南 , headquartered in modern Yangzhou , Jiangsu -RRB- , Zhongwu -LRB- 忠武 , headquartered in modern Xuchang , Henan -RRB- , Xuanwu -LRB- 宣武 , headquartered in modern Kaifeng , Henan -RRB- , Yicheng -LRB- 義成 , headquartered in modern Anyang , Henan -RRB- , and Tianping -LRB- 天平 , headquartered in modern Tai'an , Shandong -RRB- mobilize their local troops to either destroy the rebels or encourage them to surrender .
Q83059	https://en.wikipedia.org/wiki?curid=28754	Saul Bellow	4	3	0.25577804	cardinal	He was the first writer to win [three] National Book Awards in all award categories .
Q4573	https://en.wikipedia.org/wiki?curid=26709	Sean Connery	1	4	0.21884337	ordinal	On 7 June 2007 , he denied rumours that he would appear in the [fourth] `` Indiana Jones '' film , stating that `` retirement is just too much damned fun '' .
Q36949	https://en.wikipedia.org/wiki?curid=20913302	Robert De Niro	6	4	0.46742874	cardinal	In addition to his six children , De Niro has [four] grandchildren , one from his daughter Drena and three from his son Raphael .
Q45909	https://en.wikipedia.org/wiki?curid=170666	John Cale	1	1	0.13473658	cardinal	On 6 October 1981 Cale married his third wife , Risé Irushalmi , and they had [one] daughter together , Eden Myfanwy Cale , born 14 July 1985 .
Q151164	https://en.wikipedia.org/wiki?curid=42691	André Malraux	3	3	0.2044589	ordinal	Malraux , `` L'Intemporel '' -LRB- [3rd] volume of `` The Metamorphosis of the Gods '' . -RRB-
Q409	https://en.wikipedia.org/wiki?curid=8239846	Bob Marley	11	3	0.21939427	cardinal	Marley had many children : [three] with his wife Rita , two adopted from Rita 's previous relationships , and several others with different women .
Q47551	https://en.wikipedia.org/wiki?curid=154239	Titian	4	4	0.79433215	ordinal	Titian had a [fourth] child , Emilia , the result of an affair , possibly with a housekeeper .
Q36591	https://en.wikipedia.org/wiki?curid=32442	Vladimir Nabokov	1	3	0.34139824	cardinal	He 's able to juggle ten balls where most people can juggle [three] or four . ''
Q40640	https://en.wikipedia.org/wiki?curid=26181	Ray Bradbury	4	3	0.3482358	cardinal	Containing the prologue and [three] short stories from the book , the film received mediocre reviews .
Q7346	https://en.wikipedia.org/wiki?curid=53536	John Coltrane	4	4	0.25423917	ordinal	The [fourth] movement of `` A Love Supreme '' , `` Psalm '' , is , in fact , a musical setting for an original poem to God written by Coltrane , and printed in the album 's liner notes .
Q44481	https://en.wikipedia.org/wiki?curid=344783	Pierre-Simon Laplace	1	5	0.143425	ordinal	The [fifth] volume , published in 1825 , is mainly historical , but it gives as appendices the results of Laplace 's latest researches .
Q42544	https://en.wikipedia.org/wiki?curid=30479	Thomas More	4	3	0.48643804	ordinal	It was dismantled on 2 July 2013 , during Vladimir Putin 's [third] term as President of post-Communist Russia .
Q20875	https://en.wikipedia.org/wiki?curid=46721	Edward VII	6	3	0.2676919	cardinal	As Prince of Wales , Edward 's coat of arms was the royal arms differenced by a label of [three] points argent , and an inescutcheon of the shield of Saxony , representing his father .
Q40904	https://en.wikipedia.org/wiki?curid=33130	Werner Heisenberg	7	5	0.22716308	cardinal	They had [five] more children over the next 12 years : Barbara , Christine , Jochen , Martin and Verena .
Q47426	https://en.wikipedia.org/wiki?curid=19640	Milton Friedman	2	3	0.5351183	cardinal	Now , at long last , Chile has all [three] things : political freedom , human freedom and economic freedom .
Q10501	https://en.wikipedia.org/wiki?curid=228615	Nigel_Mansell	3	3	0.14920574	cardinal	Only [three] other people have won the award 2 times , one of whom being fellow racing driver and former F1 World Champion Damon Hill .
Q133040	https://en.wikipedia.org/wiki?curid=148483	Alberto_Fujimori	4	3	0.40345845	cardinal	Neoliberal reforms under Fujimori took place in [three] distinct phases : an initial `` orthodox '' phase -LRB- 1990 -- 92 -RRB- in which technocrats dominated the reform agenda ; a `` pragmatic '' phase -LRB- 1993 -- 98 -RRB- that saw the growing influence of business elites over government priorities ; and a final `` watered-down '' phase -LRB- 1999 -- 2000 -RRB- dominated by a clique of personal loyalists and their clientelist policies that aimed to secure Fujimori a third term as president .
Q42511	https://en.wikipedia.org/wiki?curid=13459	H. G. Wells	4	2	0.19669884	cardinal	He had [two] sons with Jane : George Philip -LRB- known as `` Gip '' -RRB- in 1901 -LRB- died 1985 -RRB- and Frank Richard in 1903 -LRB- died 1982 -RRB- .
Q7314	https://en.wikipedia.org/wiki?curid=38172	Igor Stravinsky	4	3	0.15888844	cardinal	They are merely successions of notes that can conveniently be divided into groups of [three] , five , and seven and set against other mathematical groups '' and he described the cadenza for 1 drums as `` musical purity ... achieved by a species of musical castration '' .
Q93343	https://en.wikipedia.org/wiki?curid=20502020	Percy Bysshe Shelley	3	4	0.20459187	cardinal	He became an idol of the next two or three or even [four] generations of poets , including the important Victorian and Pre-Raphaelite poets Robert Browning , Alfred Lord Tennyson , Dante Gabriel Rossetti , Algernon Charles Swinburne , as well as Lord Byron , Henry David Thoreau , W. B. Yeats , Aleister Crowley and Edna St. Vincent Millay , and poets in other languages such as Jan Kasprowicz , Rabindranath Tagore , Jibanananda Das and Subramanya Bharathy .
Q1276	https://en.wikipedia.org/wiki?curid=19965375	Leonard Cohen	2	3	0.83808607	cardinal	Cohen was survived by his two children and [three] grandchildren .
Q25089	https://en.wikipedia.org/wiki?curid=32901	Woody Allen	4	2	0.14150566	cardinal	Allen and Mia Farrow , though unmarried , jointly adopted [two] children : Dylan Farrow -LRB- who changed her name to Eliza and later to Malone -RRB- and Moshe Farrow -LRB- known as Moses -RRB- ; they also had one biological child , Satchel Farrow -LRB- known as Ronan -RRB- .
Q46096	https://en.wikipedia.org/wiki?curid=76370	Felix Mendelssohn	5	8	0.10924566	ordinal	On his [eighth] visit in the summer of 1844 , he conducted five of the Philharmonic concerts in London , and wrote :
Q57384	https://en.wikipedia.org/wiki?curid=33783	Wernher von Braun	3	5	0.17464623	ordinal	The conservative approach paid off when a [fifth] engine was added to the Saturn C-4 , producing the Saturn V.
Q49074	https://en.wikipedia.org/wiki?curid=16861	Kurt Vonnegut	7	5	0.11075759	cardinal	Hans-Jürgen von Bose `` Schlachthof 5 '' -LRB- Slaughterhouse [five] -RRB- -- opera , libretto by the composer , 1994/95 .
Q152503	https://en.wikipedia.org/wiki?curid=299696	Mikhail_Khodorkovsky	4	3	0.11112013	cardinal	`` The Guardian '' reported in December 2014 that Khodorkovsky had `` promised Putin [three] things in a handwritten letter '' in which he asked to be freed : `` that he would leave Russia to spend time with his family , would stay away from politics , and would not attempt to win back his shares in Yukos ... or get involved in any court cases . ''
Q9439	https://en.wikipedia.org/wiki?curid=47923	Queen Victoria	9	4	0.28775218	cardinal	In Scotland , the first and [fourth] quarters are occupied by the Scottish lion , and the second by the English lions .
Q9049	https://en.wikipedia.org/wiki?curid=21566	Noam Chomsky	3	4	0.26163912	cardinal	Chomsky has an Erdős number of [four] .
Q9701	https://en.wikipedia.org/wiki?curid=207992	Emperor Taizong of Tang	35	6	0.15310763	cardinal	Emperor Taizong further composed laudatory poems for each of the [six] horses depicted in the stone reliefs .
Q11571	https://en.wikipedia.org/wiki?curid=623737	Cristiano Ronaldo	1	6	0.13479765	ordinal	For the [sixth] successive year , he ended the season having scored more than 50 goals across all competitions .
Q5679	https://en.wikipedia.org/wiki?curid=17566665	Lord Byron	3	3	0.2661034	cardinal	Over forty operas have been based on his works , in addition to [three] operas about Byron himself -LRB- including Virgil Thomson 's `` Lord Byron '' -RRB- .
Q23505	https://en.wikipedia.org/wiki?curid=11955	George H. W. Bush	6	3	0.3497405	cardinal	The graduate school is part of the presidential library complex , and offers four programs : two master 's degree programs -LRB- `` Public Service and Administration '' , and `` International Affairs '' -RRB- and [three] certificate programs -LRB- `` Advanced International Affairs '' , `` Nonprofit Management '' , and `` Homeland Security '' -RRB- .
Q35041	https://en.wikipedia.org/wiki?curid=33521	William_McKinley	2	3	0.37969816	cardinal	These officials included Cortelyou , who served in [three] Cabinet positions under Roosevelt , and Dawes , who became vice president under Coolidge .
Q8877	https://en.wikipedia.org/wiki?curid=26940	Steven Spielberg	7	5	0.1964668	ordinal	It was Spielberg 's sixth Best Director nomination and [fifth] Best Picture nomination .
Q1203	https://en.wikipedia.org/wiki?curid=15852	John Lennon	2	3	0.39719552	cardinal	One story , `` Good Dog Nigel '' , tells the tale of `` a happy dog , urinating on a lamp post , barking , wagging his tail -- until he suddenly hears a message that he will be killed at [three] o'clock '' .
Q8027	https://en.wikipedia.org/wiki?curid=20076	Martin Luther King Jr.	4	12	0.14968213	ordinal	A precocious student , he skipped both the ninth and the [twelfth] grades of high school .
Q76	https://en.wikipedia.org/wiki?curid=534366	Barack Obama	2	5	0.11720729	ordinal	He attended Punahou School -- a private college preparatory school -- with the aid of a scholarship from [fifth] grade until his graduation from high school in 1979 .
Q10520	https://en.wikipedia.org/wiki?curid=8618	David Beckham	4	3	0.29454914	cardinal	All [three] goals were against South American teams -LRB- Colombia , Argentina and Ecuador -RRB- and from set pieces -LRB- the two aforementioned free kicks and a penalty against Argentina -RRB- .
Q3044	https://en.wikipedia.org/wiki?curid=5314	Charlemagne	19	8	0.104166105	ordinal	On 14 October 2014 , the [eighth] major DLC for Crusader Kings II , a grand strategy game , was released .
Q9554	https://en.wikipedia.org/wiki?curid=7567080	Martin Luther	6	6	0.31880066	ordinal	After the [sixth] sermon , the Wittenberg jurist Jerome Schurf wrote to the elector : `` Oh , what joy has Dr. Martin 's return spread among us !
Q34969	https://en.wikipedia.org/wiki?curid=3986	Benjamin Franklin	3	8	0.5087036	ordinal	Benjamin , their [eighth] child , was Josiah Franklin 's fifteenth child and tenth and last son .
Q882	https://en.wikipedia.org/wiki?curid=5142	Charlie Chaplin	8	3	0.33918512	cardinal	Chaplin received [three] Academy Awards : an Honorary Award for `` versatility and genius in acting , writing , directing , and producing `` The Circus '' '' in 1929 , a second Honorary Award for `` the incalculable effect he has had in making motion pictures the art form of this century '' in 1972 , and a Best Score award in 1973 for `` Limelight '' -LRB- shared with Ray Rasch and Larry Russell -RRB- .
Q36107	https://en.wikipedia.org/wiki?curid=63747	Muhammad Ali	9	3	0.117072575	cardinal	In 1978 , [three] years before Ali 's permanent retirement , the Louisville Board of Aldermen in his hometown of Louisville , Kentucky , voted 6 -- 5 to rename Walnut Street to Muhammad Ali Boulevard .
Q5383	https://en.wikipedia.org/wiki?curid=8786	David Bowie	2	1	0.23627037	cardinal	They had [one] daughter , Alexandria `` Lexi '' Zahra Jones , born in August 2000 .
Q1744	https://en.wikipedia.org/wiki?curid=142056	Madonna (entertainer)	6	9	0.18824425	ordinal	The same year , Madonna released her [ninth] studio album , `` American Life '' , which was based on her observations of American society ; it received mixed reviews .
Q7742	https://en.wikipedia.org/wiki?curid=18553	Louis_XIV_of_France	19	4	0.13258739	cardinal	Voltaire 's history , `` The Age of Louis XIV '' , named Louis ' reign as not only one of the [four] great ages in which reason and culture flourished , but the greatest ever .
Q24829	https://en.wikipedia.org/wiki?curid=22196	Orson Welles	3	3	0.5593471	cardinal	A brief private funeral was attended by Paola Mori and Welles 's [three] daughters -- the first time they had ever been together .
Q8023	https://en.wikipedia.org/wiki?curid=21492751	Nelson Mandela	6	3	0.7494313	ordinal	Nelson 's mother was Gadla 's [third] wife , Nosekeni Fanny , daughter of Nkedama of the Right Hand House and a member of the amaMpemvu clan of the Xhosa .
Q855	https://en.wikipedia.org/wiki?curid=15641	Joseph Stalin	3	4	0.15340944	cardinal	Before World War II he added the Lipki estate and Semyonovskaya and had at least [four] dachas in the south by 1937 , including one near Sochi .
Q40912	https://en.wikipedia.org/wiki?curid=11181	Frank Sinatra	3	3	0.19941166	cardinal	Sinatra received [three] honorary degrees during his lifetime .
Q9916	https://en.wikipedia.org/wiki?curid=8182	Dwight D. Eisenhower	2	4	0.11772772	cardinal	In 1969 , [four] major record companies -- ABC Records , MGM Records , Buddha Records and Caedmon Audio -- released tribute albums in Eisenhower 's honor .
Q517	https://en.wikipedia.org/wiki?curid=69880	Napoleon	5	1	0.17808034	cardinal	Napoleon acknowledged [one] illegitimate son : Charles Léon -LRB- 1806 -- 1881 -RRB- by Eléonore Denuelle de La Plaigne .
Q9696	https://en.wikipedia.org/wiki?curid=5119376	John_F._Kennedy	4	4	0.28483194	cardinal	The crest is an armored hand holding [four] arrows between two olive branches , elements taken from the coat of arms of the United States of America and also symbolic of Kennedy and his brothers .
Q8016	https://en.wikipedia.org/wiki?curid=33265	Winston Churchill	5	5	0.19305521	ordinal	Churchill met his future wife , Clementine Hozier , in 1904 at a ball in Crewe House , home of the Earl of Crewe and Crewe 's wife Margaret Primrose -LRB- daughter of Archibald Primrose , [5th] Earl of Rosebery , and Hannah Rothschild -RRB- .
