Evaluate CRF++ output file... tp	4	Q7776231	2	3	two	_num_	CD	NUMBER	anthology	_YES_	O/0.866568	O/0.866568	_COMP_/0.000573	_YES_/0.132859
tp	4	Q7776231	2	6	two	_num_	CD	NUMBER	novel	_YES_	O/0.730157	O/0.730157	_COMP_/0.000322	_YES_/0.269522
fn	5	Q19895374	1	13	five	_num_	CD	NUMBER	version	_YES_	O/0.991087	O/0.991087	_COMP_/0.000055	_YES_/0.008858
fn	19	Q3729153	1	1	fourth	_ord_	JJ	ORDINAL	season	_YES_	O/0.952490	O/0.952490	_COMP_/0.000052	_YES_/0.047458
fn	22	Q3729157	1	1	second	_ord_	JJ	ORDINAL	season	_YES_	O/0.952490	O/0.952490	_COMP_/0.000052	_YES_/0.047458
fn	3	Q7966847	1	1	three	_num_	CD	NUMBER	Waltzes	_YES_	O/0.999014	O/0.999014	_COMP_/0.000013	_YES_/0.000972
fn	3	Q7966847	3	3	three	_num_	CD	NUMBER	waltz	_YES_	O/0.999272	O/0.999272	_COMP_/0.000016	_YES_/0.000712
fn	3	Q15457502	1	1	three	_num_	CD	NUMBER	Polonaises	_YES_	O/0.999014	O/0.999014	_COMP_/0.000013	_YES_/0.000972
fn	8	Q16934308	1	16	eight	_num_	CD	NUMBER	volume	_YES_	O/0.989221	O/0.989221	_COMP_/0.000077	_YES_/0.010701
tp	3	Q3539199	1	3	LatinGreek_trilogy_3	_logy_	NN	O	O	_YES_	_YES_/0.679334	O/0.320327	_COMP_/0.000339	_YES_/0.679334
tp	3	Q3539199	1	8	LatinGreek_Trilogy_3	_logy_	NN	O	O	_YES_	_YES_/0.696705	O/0.302906	_COMP_/0.000389	_YES_/0.696705
tp	3	Q3539199	1	12	LatinGreek_Trilogy_3	_logy_	NN	O	O	_YES_	_YES_/0.935978	O/0.063869	_COMP_/0.000153	_YES_/0.935978
tp	3	Q3539199	5	13	LatinGreek_Trilogy_3	_logy_	NN	O	O	_YES_	_YES_/0.969172	O/0.030738	_COMP_/0.000090	_YES_/0.969172
fn	3	Q3539199	5	19	three	_num_	CD	NUMBER	movie	_YES_	O/0.999853	O/0.999853	_COMP_/0.000006	_YES_/0.000141
fn	5	Q784253	3	1	first	_ord_	JJ	ORDINAL	season	_YES_	O/0.956872	O/0.956872	_COMP_/0.000062	_YES_/0.043067
fn	3	Q3822522	2	1	first	_ord_	JJ	ORDINAL	book	_YES_	O/0.951123	O/0.951123	_COMP_/0.000045	_YES_/0.048832
fp	3	Q3822522	3	19	two	_num_	CD	NUMBER	O	O	O/0.861152	O/0.861152	_COMP_/0.000223	_YES_/0.138625
fn	3	Q3822522	5	1	first	_ord_	JJ	ORDINAL	novel	_YES_	O/0.970018	O/0.970018	_COMP_/0.000045	_YES_/0.029937
tp	3	Q3822522	5	8	LatinGreek_trilogy_3	_logy_	NN	O	O	_YES_	_YES_/0.612776	O/0.386981	_COMP_/0.000243	_YES_/0.612776
tp	3	Q5755341	1	6	LatinGreek_trilogy_3	_logy_	NN	O	O	_YES_	_YES_/0.712375	O/0.287259	_COMP_/0.000366	_YES_/0.712375
tp	3	Q5755341	3	9	LatinGreek_trilogy_3	_logy_	NN	O	O	_YES_	_YES_/0.716107	O/0.283553	_COMP_/0.000340	_YES_/0.716107
tp	3	Q5755341	5	9	LatinGreek_trilogy_3	_logy_	NN	O	O	_YES_	_YES_/0.635744	O/0.363886	_COMP_/0.000370	_YES_/0.635744
fn	3	Q16862645	1	9	three	_num_	CD	NUMBER	novel	_YES_	O/0.999161	O/0.999161	_COMP_/0.000012	_YES_/0.000827
tp	3	Q16862645	2	6	LatinGreek_trilogy_3	_logy_	NN	O	O	_YES_	_YES_/0.806495	O/0.193268	_COMP_/0.000237	_YES_/0.806495
tp	3	Q16862645	6	10	LatinGreek_trilogy_3	_logy_	NN	O	O	_YES_	_YES_/0.931177	O/0.068698	_COMP_/0.000125	_YES_/0.931177
tp	4	Q5739185	1	8	four	_num_	CD	NUMBER	novel	_YES_	_YES_/0.672371	O/0.327105	_COMP_/0.000524	_YES_/0.672371
fp	4	Q5739185	1	25	LatinGreek_trilogy_3	_logy_	NN	O	O	O	_YES_/0.608926	O/0.390680	_COMP_/0.000394	_YES_/0.608926
fp	4	Q5739185	2	3	LatinGreek_trilogy_3	_logy_	NN	O	O	O	O/0.868144	O/0.868144	_COMP_/0.000193	_YES_/0.131662
fn	4	Q5739185	7	1	first	_ord_	JJ	ORDINAL	novel	_YES_	O/0.970037	O/0.970037	_COMP_/0.000045	_YES_/0.029919
fn	4	Q5739185	8	1	second	_ord_	JJ	ORDINAL	novel	_YES_	O/0.955577	O/0.955577	_COMP_/0.000066	_YES_/0.044357
fn	4	Q5739185	9	1	third	_ord_	JJ	ORDINAL	novel	_YES_	O/0.982332	O/0.982332	_COMP_/0.000042	_YES_/0.017626
fn	3	Q3213315	4	1	three	_num_	CD	NUMBER	book	_YES_	O/0.992889	O/0.992889	_COMP_/0.000024	_YES_/0.007087
fn	2	Q7125091	3	4	two	_num_	CD	NUMBER	painting	_YES_	O/0.992633	O/0.992633	_COMP_/0.000063	_YES_/0.007305
fn	2	Q21001632	4	43	two	_num_	CD	NUMBER	part	_YES_	O/0.981129	O/0.981129	_COMP_/0.000107	_YES_/0.018763
fn	3	Q4752796	1	18	three	_num_	CD	NUMBER	suite	_YES_	O/0.964604	O/0.964604	_COMP_/0.000115	_YES_/0.035281
fn	12	Q6536298	1	12	twelve	_num_	CD	NUMBER	child	_YES_	O/0.978152	O/0.978152	_COMP_/0.000131	_YES_/0.021717
fn	3	Q3856905	1	14	three	_num_	CD	NUMBER	film	_YES_	O/0.999549	O/0.999549	_COMP_/0.000010	_YES_/0.000441
fn	3	Q6953754	4	6	first	_ord_	JJ	ORDINAL	installment	_YES_	O/0.962872	O/0.962872	_COMP_/0.000058	_YES_/0.037070
fn	3	Q6953754	11	1	third	_ord_	JJ	ORDINAL	installment	_YES_	O/0.905084	O/0.905084	_COMP_/0.000078	_YES_/0.094838
tp	3	Q7339356	1	3	LatinGreek_trilogy_3	_logy_	NN	O	O	_YES_	O/0.597365	O/0.597365	_COMP_/0.000656	_YES_/0.401979
tp	3	Q7339356	1	8	three	_num_	CD	NUMBER	movie	_YES_	O/0.809855	O/0.809855	_COMP_/0.000359	_YES_/0.189786
fn	3	Q7339356	3	1	three	_num_	CD	NUMBER	film	_YES_	O/0.913693	O/0.913693	_COMP_/0.000122	_YES_/0.086185
tp	3	Q7339356	4	4	LatinGreek_trilogy_3	_logy_	NN	O	O	_YES_	_YES_/0.845651	O/0.154119	_COMP_/0.000230	_YES_/0.845651
fn	3	Q7339356	5	8	three	_num_	CD	NUMBER	film	_YES_	O/0.996827	O/0.996827	_COMP_/0.000032	_YES_/0.003141
tp	3	Q7339356	5	12	LatinGreek_trilogy_3	_logy_	NN	O	O	_YES_	_YES_/0.853665	O/0.145856	_COMP_/0.000479	_YES_/0.853665
fn	3	Q7339356	9	1	three	_num_	CD	NUMBER	film	_YES_	O/0.989913	O/0.989913	_COMP_/0.000031	_YES_/0.010056
tp	3	Q7339356	10	1	LatinGreek_trilogy_3	_logy_	NN	O	O	_YES_	_YES_/0.817927	O/0.181855	_COMP_/0.000217	_YES_/0.817927
fn	3	Q7339356	10	22	three	_num_	CD	NUMBER	film	_YES_	O/0.999497	O/0.999497	_COMP_/0.000015	_YES_/0.000488
fn	3	Q7339356	14	19	three	_num_	CD	NUMBER	film	_YES_	O/0.999636	O/0.999636	_COMP_/0.000007	_YES_/0.000357
fn	17	Q3025689	2	1	first	_ord_	JJ	ORDINAL	book	_YES_	O/0.951123	O/0.951123	_COMP_/0.000045	_YES_/0.048832
fn	17	Q3025689	2	31	17	_num_	CD	NUMBER	novel	_YES_	O/0.947133	O/0.947133	_COMP_/0.000205	_YES_/0.052662
fp	17	Q3025689	5	4	LatinGreek_trilogy_3	_logy_	NN	O	O	O	O/0.506923	O/0.506923	_COMP_/0.000479	_YES_/0.492598
fn	17	Q3025689	7	1	first	_ord_	JJ	ORDINAL	book	_YES_	O/0.947036	O/0.947036	_COMP_/0.000055	_YES_/0.052909
tp	3	Q2524893	2	4	three	_num_	CD	NUMBER	novel	_YES_	O/0.714482	O/0.714482	_COMP_/0.000249	_YES_/0.285269
fn	3	Q2524893	12	10	second	_ord_	JJ	ORDINAL	book	_YES_	O/0.978408	O/0.978408	_COMP_/0.000051	_YES_/0.021541
fn	3	Q2524893	14	11	third	_ord_	JJ	ORDINAL	book	_YES_	O/0.978411	O/0.978411	_COMP_/0.000044	_YES_/0.021545
tp	3	Q4295482	1	3	LatinGreek_trilogy_3	_logy_	NN	O	O	_YES_	_YES_/0.552382	O/0.447229	_COMP_/0.000389	_YES_/0.552382
tp	2	Q17147603	1	4	LatinGreek_duology_2	_logy_	NN	O	O	_YES_	_YES_/0.712366	O/0.287268	_COMP_/0.000366	_YES_/0.712366
fn	5	Q7495082	2	6	five	_num_	CD	NUMBER	film	_YES_	O/0.997333	O/0.997333	_COMP_/0.000019	_YES_/0.002648
fn	5	Q7495082	14	2	second	_ord_	JJ	ORDINAL	film	_YES_	O/0.983881	O/0.983881	_COMP_/0.000052	_YES_/0.016067
tp	3	Q3153785	1	7	three	_num_	CD	NUMBER	painting	_YES_	_YES_/0.600695	O/0.398838	_COMP_/0.000466	_YES_/0.600695
fn	3	Q3153785	21	20	three	_num_	CD	NUMBER	painting	_YES_	O/0.998039	O/0.998039	_COMP_/0.000024	_YES_/0.001937
fn	3	Q3153785	26	1	third	_ord_	JJ	ORDINAL	painting	_YES_	O/0.933325	O/0.933325	_COMP_/0.000068	_YES_/0.066607
fn	11	Q2280191	14	2	first	_ord_	JJ	ORDINAL	season	_YES_	O/0.993902	O/0.993902	_COMP_/0.000052	_YES_/0.006046
fn	2	Q7046555	1	9	two	_num_	CD	NUMBER	nocturne	_YES_	O/0.970377	O/0.970377	_COMP_/0.000104	_YES_/0.029519
fn	2	Q7046555	6	6	two	_num_	CD	NUMBER	nocturne	_YES_	O/0.998487	O/0.998487	_COMP_/0.000018	_YES_/0.001495
fn	2	Q7046555	20	8	first	_ord_	JJ	ORDINAL	part	_YES_	O/0.993769	O/0.993769	_COMP_/0.000036	_YES_/0.006194
tp	3	Q7883942	1	1	LatinGreek_Trilogy_3	_logy_	NN	O	O	_YES_	_YES_/0.739921	O/0.259467	_COMP_/0.000612	_YES_/0.739921
tp	3	Q7883942	2	2	LatinGreek_Trilogy_3	_logy_	NN	O	O	_YES_	_YES_/0.732612	O/0.267125	_COMP_/0.000263	_YES_/0.732612
fn	3	Q7883942	2	5	three	_num_	CD	NUMBER	miniseries	_YES_	O/0.944104	O/0.944104	_COMP_/0.000135	_YES_/0.055761
fn	3	Q7883942	4	10	three	_num_	CD	NUMBER	mini-series	_YES_	O/0.997639	O/0.997639	_COMP_/0.000030	_YES_/0.002331
tp	3	Q19724726	2	4	three	_num_	CD	NUMBER	game	_YES_	O/0.500279	O/0.500279	_COMP_/0.000301	_YES_/0.499420
tp	3	Q19724726	27	17	LatinGreek_trilogy_3	_logy_	NN	O	O	_YES_	O/0.783428	O/0.783428	_COMP_/0.000425	_YES_/0.216147
tp	3	Q19724726	28	1	LatinGreek_trilogy_3	_logy_	NN	O	O	_YES_	_YES_/0.785273	O/0.214526	_COMP_/0.000200	_YES_/0.785273
fn	3	Q19724726	30	37	three	_num_	CD	NUMBER	game	_YES_	O/0.986464	O/0.986464	_COMP_/0.000066	_YES_/0.013470
tp	3	Q19724726	30	41	LatinGreek_Trilogy_3	_logy_	NN	O	O	_YES_	_YES_/0.770813	O/0.228736	_COMP_/0.000451	_YES_/0.770813
tp	3	Q19724726	32	1	three	_num_	CD	NUMBER	game	_YES_	O/0.871652	O/0.871652	_COMP_/0.000159	_YES_/0.128189
fn	3	Q19724726	32	17	three	_num_	CD	NUMBER	score	_YES_	O/0.975656	O/0.975656	_COMP_/0.000124	_YES_/0.024221
tp	4	Q115647	2	11	LatinGreek_tetralogy_4	_logy_	NN	O	O	_YES_	_YES_/0.655235	O/0.344445	_COMP_/0.000321	_YES_/0.655235
fn	4	Q115647	9	7	LatinGreek_tetralogy_4	_logy_	NN	O	O	_YES_	O/0.922444	O/0.922444	_COMP_/0.000284	_YES_/0.077272
fn	4	Q115647	13	10	four	_num_	CD	NUMBER	play	_YES_	O/0.992101	O/0.992101	_COMP_/0.000059	_YES_/0.007840
fn	4	Q115647	24	1	four	_num_	CD	NUMBER	play	_YES_	O/0.976522	O/0.976522	_COMP_/0.000069	_YES_/0.023410
fn	4	Q115647	27	7	four	_num_	CD	NUMBER	film	_YES_	O/0.995708	O/0.995708	_COMP_/0.000029	_YES_/0.004263
fn	22	Q2318318	14	15	first	_ord_	JJ	ORDINAL	season	_YES_	O/0.906859	O/0.906859	_COMP_/0.000123	_YES_/0.093018
fn	22	Q2318318	25	1	first	_ord_	JJ	ORDINAL	season	_YES_	O/0.970302	O/0.970302	_COMP_/0.000051	_YES_/0.029647
fn	22	Q2318318	27	25	third	_ord_	JJ	ORDINAL	episode	_YES_	O/0.974810	O/0.974810	_COMP_/0.000045	_YES_/0.025145
tp	3	Q7765233	1	25	LatinGreek_trilogy_3	_logy_	NN	O	O	_YES_	_YES_/0.554510	O/0.445105	_COMP_/0.000385	_YES_/0.554510
tp	3	Q7765233	16	1	third	_ord_	JJ	ORDINAL	part	_YES_	O/0.895271	O/0.895271	_COMP_/0.000113	_YES_/0.104616
tp	3	Q7765233	17	2	LatinGreek_trilogy_3	_logy_	NN	O	O	_YES_	_YES_/0.577399	O/0.422285	_COMP_/0.000317	_YES_/0.577399
fn	3	Q3225260	1	8	three	_num_	CD	NUMBER	film	_YES_	O/0.943339	O/0.943339	_COMP_/0.000141	_YES_/0.056519
fn	3	Q3225260	4	1	three	_num_	CD	NUMBER	film	_YES_	O/0.913693	O/0.913693	_COMP_/0.000122	_YES_/0.086186
fn	3	Q3225260	9	6	first	_ord_	JJ	ORDINAL	film	_YES_	O/0.925122	O/0.925122	_COMP_/0.000102	_YES_/0.074776
fn	3	Q3225260	18	8	second	_ord_	JJ	ORDINAL	film	_YES_	O/0.925122	O/0.925122	_COMP_/0.000102	_YES_/0.074776
fn	3	Q3225260	21	6	first	_ord_	JJ	ORDINAL	film	_YES_	O/0.971858	O/0.971858	_COMP_/0.000067	_YES_/0.028075
fn	3	Q3225260	22	8	third	_ord_	JJ	ORDINAL	film	_YES_	O/0.925122	O/0.925122	_COMP_/0.000102	_YES_/0.074776
fn	3	Q3225260	26	5	third	_ord_	JJ	ORDINAL	installment	_YES_	O/0.905865	O/0.905865	_COMP_/0.000087	_YES_/0.094048
fp	3	Q3225260	27	1	fourth	_ord_	JJ	ORDINAL	film	O	O/0.861936	O/0.861936	_COMP_/0.000081	_YES_/0.137982
fn	3	Q3225260	39	4	three	_num_	CD	NUMBER	film	_YES_	O/0.998264	O/0.998264	_COMP_/0.000018	_YES_/0.001718
fn	3	Q3225260	39	12	three	_num_	CD	NUMBER	compilation	_YES_	O/0.992088	O/0.992088	_COMP_/0.000040	_YES_/0.007872
fn	3	Q3225260	43	1	three	_num_	CD	NUMBER	film	_YES_	O/0.995165	O/0.995165	_COMP_/0.000025	_YES_/0.004809
fn	3	Q3225260	48	0	Three	_num_	CD	NUMBER	game	_YES_	O/0.997638	O/0.997638	_COMP_/0.000104	_YES_/0.002258
fn	3	Q1211909	2	8	three	_num_	CD	NUMBER	adaptation	_YES_	O/0.993864	O/0.993864	_COMP_/0.000056	_YES_/0.006080
fn	3	Q1211909	5	11	third	_ord_	JJ	ORDINAL	film	_YES_	O/0.976979	O/0.976979	_COMP_/0.000045	_YES_/0.022976
tp	3	Q1211909	6	1	third	_ord_	JJ	ORDINAL	film	_YES_	O/0.861927	O/0.861927	_COMP_/0.000082	_YES_/0.137991
fp	3	Q1211909	7	1	fourth	_ord_	JJ	ORDINAL	film	O	O/0.861978	O/0.861978	_COMP_/0.000081	_YES_/0.137941
fn	3	Q1211909	15	12	first	_ord_	JJ	ORDINAL	film	_YES_	O/0.940685	O/0.940685	_COMP_/0.000069	_YES_/0.059246
fn	3	Q1211909	20	12	second	_ord_	JJ	ORDINAL	film	_YES_	O/0.940685	O/0.940685	_COMP_/0.000069	_YES_/0.059246
fn	3	Q1211909	38	43	three	_num_	CD	NUMBER	film	_YES_	O/0.987975	O/0.987975	_COMP_/0.000041	_YES_/0.011984
fn	14	Q1047863	4	14	14	_num_	CD	NUMBER	film	_YES_	O/0.940303	O/0.940303	_COMP_/0.000133	_YES_/0.059564
fp	8	Q2296879	10	4	first	_ord_	JJ	ORDINAL	version	O	O/0.889615	O/0.889615	_COMP_/0.000167	_YES_/0.110218
tp	8	Q2296879	13	9	fourth	_ord_	JJ	ORDINAL	installment	_YES_	O/0.899671	O/0.899671	_COMP_/0.000092	_YES_/0.100237
fp	8	Q2296879	16	6	LatinGreek_trilogy_3	_logy_	NN	O	O	O	_YES_/0.803666	O/0.196083	_COMP_/0.000251	_YES_/0.803666
fp	8	Q2296879	17	2	LatinGreek_trilogy_3	_logy_	NN	O	O	O	O/0.656003	O/0.656003	_COMP_/0.000447	_YES_/0.343549
fp	8	Q2296879	17	43	LatinGreek_trilogy_3	_logy_	NN	O	O	O	O/0.522763	O/0.522763	_COMP_/0.000338	_YES_/0.476900
fp	5	Q7764957	1	10	two	_num_	CD	NUMBER	film	O	O/0.897657	O/0.897657	_COMP_/0.000195	_YES_/0.102148
fn	5	Q7764957	18	4	five	_num_	CD	NUMBER	shorts	_YES_	O/0.925951	O/0.925951	_COMP_/0.000157	_YES_/0.073892
fn	13	Q181631	1	1	second	_ord_	JJ	ORDINAL	season	_YES_	O/0.952506	O/0.952506	_COMP_/0.000052	_YES_/0.047442
tp	13	Q181631	1	35	13	_num_	CD	NUMBER	episode	_YES_	O/0.569142	O/0.569142	_COMP_/0.000218	_YES_/0.430640
tp	3	Q7742030	1	2	LatinGreek_Trilogy_3	_logy_	NN	O	O	_YES_	_YES_/0.678999	O/0.320799	_COMP_/0.000202	_YES_/0.678999
tp	3	Q7742030	1	16	LatinGreek_trilogy_3	_logy_	NN	O	O	_YES_	O/0.711236	O/0.711236	_COMP_/0.000363	_YES_/0.288400
tp	3	Q7742030	2	30	LatinGreek_trilogy_3	_logy_	NN	O	O	_YES_	O/0.669218	O/0.669218	_COMP_/0.000301	_YES_/0.330481
fp	6	Q7763492	1	2	LatinGreek_Trilogy_3	_logy_	NN	O	O	O	_YES_/0.884859	O/0.114902	_COMP_/0.000238	_YES_/0.884859
fp	6	Q7763492	1	19	three	_num_	CD	NUMBER	novel	O	O/0.605062	O/0.605062	_COMP_/0.000430	_YES_/0.394508
fn	6	Q7763492	2	1	six	_num_	CD	NUMBER	novel	_YES_	O/0.920893	O/0.920893	_COMP_/0.000076	_YES_/0.079031
fn	6	Q7763492	6	3	six	_num_	CD	NUMBER	book	_YES_	O/0.982546	O/0.982546	_COMP_/0.000113	_YES_/0.017341
fn	23	Q255617	1	1	first	_ord_	JJ	ORDINAL	season	_YES_	O/0.952506	O/0.952506	_COMP_/0.000052	_YES_/0.047442
tp	23	Q255617	1	39	23	_num_	CD	NUMBER	episode	_YES_	O/0.569474	O/0.569474	_COMP_/0.000218	_YES_/0.430308
fn	23	Q255617	7	4	23	_num_	CD	NUMBER	episode	_YES_	O/0.999509	O/0.999509	_COMP_/0.000010	_YES_/0.000480
fn	23	Q255617	8	14	23	_num_	CD	NUMBER	episode	_YES_	O/0.900715	O/0.900715	_COMP_/0.000156	_YES_/0.099129
fn	23	Q255617	43	11	23	_num_	CD	NUMBER	episode	_YES_	O/0.998413	O/0.998413	_COMP_/0.000019	_YES_/0.001568
fn	2	Q20642206	57	1	second	_ord_	JJ	ORDINAL	season	_YES_	O/0.947278	O/0.947278	_COMP_/0.000069	_YES_/0.052653
fn	2	Q20642206	61	3	second	_ord_	JJ	ORDINAL	season	_YES_	O/0.988258	O/0.988258	_COMP_/0.000080	_YES_/0.011662
tp	2	Q19891240	2	1	first	_ord_	JJ	ORDINAL	film	_YES_	O/0.861995	O/0.861995	_COMP_/0.000081	_YES_/0.137924
fn	2	Q19891240	79	12	first	_ord_	JJ	ORDINAL	film	_YES_	O/0.915947	O/0.915947	_COMP_/0.000077	_YES_/0.083976
tp	3	Q22679276	1	4	LatinGreek_trilogy_3	_logy_	NN	O	O	_YES_	O/0.645411	O/0.645411	_COMP_/0.000320	_YES_/0.354269
tp	3	Q22679276	1	10	three	_num_	CD	NUMBER	novel	_YES_	O/0.544253	O/0.544253	_COMP_/0.000188	_YES_/0.455559
fn	3	Q22679276	12	3	first	_ord_	JJ	ORDINAL	book	_YES_	O/0.966696	O/0.966696	_COMP_/0.000060	_YES_/0.033244
fn	3	Q22679276	26	3	second	_ord_	JJ	ORDINAL	book	_YES_	O/0.966696	O/0.966696	_COMP_/0.000060	_YES_/0.033244
tp	3	Q22679276	63	10	LatinGreek_trilogy_3	_logy_	NN	O	O	_YES_	O/0.662999	O/0.662999	_COMP_/0.000315	_YES_/0.336686
fn	3	Q22679276	63	19	third	_ord_	JJ	ORDINAL	book	_YES_	O/0.943218	O/0.943218	_COMP_/0.000078	_YES_/0.056704
fn	3	Q22679276	68	41	first	_ord_	JJ	ORDINAL	book	_YES_	O/0.952757	O/0.952757	_COMP_/0.000081	_YES_/0.047162
tp	8	Q1213389	4	1	first	_ord_	JJ	ORDINAL	film	_YES_	O/0.861859	O/0.861859	_COMP_/0.000083	_YES_/0.138058
fn	8	Q1213389	11	1	second	_ord_	JJ	ORDINAL	part	_YES_	O/0.984789	O/0.984789	_COMP_/0.000033	_YES_/0.015179
fn	8	Q1213389	11	11	first	_ord_	JJ	ORDINAL	part	_YES_	O/0.970679	O/0.970679	_COMP_/0.000053	_YES_/0.029268
fn	8	Q1213389	77	1	first	_ord_	JJ	ORDINAL	part	_YES_	O/0.984798	O/0.984798	_COMP_/0.000032	_YES_/0.015170
fn	8	Q1213389	87	40	eight	_num_	CD	NUMBER	film	_YES_	O/0.995743	O/0.995743	_COMP_/0.000028	_YES_/0.004228
fn	2	Q625720	5	24	second	_ord_	JJ	ORDINAL	segment	_YES_	O/0.992626	O/0.992626	_COMP_/0.000071	_YES_/0.007304
fn	2	Q625720	10	11	two	_num_	CD	NUMBER	part	_YES_	O/0.987164	O/0.987164	_COMP_/0.000062	_YES_/0.012774
fn	2	Q625720	10	15	first	_ord_	JJ	ORDINAL	segment	_YES_	O/0.993392	O/0.993392	_COMP_/0.000040	_YES_/0.006568
fp	2	Q625720	16	52	a	_num_	DT	O	game	O	O/0.898628	O/0.898628	_COMP_/0.000514	_YES_/0.100858
fn	2	Q625720	51	14	2	_num_	CD	NUMBER	segment	_YES_	O/0.999766	O/0.999766	_COMP_/0.000008	_YES_/0.000226
fp	2	Q625720	56	9	10	_num_	CD	NUMBER	episode	O	O/0.868923	O/0.868923	_COMP_/0.000152	_YES_/0.130925
fn	2	Q625720	70	3	second	_ord_	JJ	ORDINAL	season	_YES_	O/0.966925	O/0.966925	_COMP_/0.000051	_YES_/0.033025
fn	2	Q625720	74	26	second	_ord_	JJ	ORDINAL	season	_YES_	O/0.978682	O/0.978682	_COMP_/0.000049	_YES_/0.021269
fn	12	Q2698774	1	1	first	_ord_	JJ	ORDINAL	season	_YES_	O/0.952490	O/0.952490	_COMP_/0.000052	_YES_/0.047458
fn	12	Q2698774	4	3	first	_ord_	JJ	ORDINAL	episode	_YES_	O/0.985181	O/0.985181	_COMP_/0.000030	_YES_/0.014789
fn	12	Q2698774	7	3	first	_ord_	JJ	ORDINAL	season	_YES_	O/0.957942	O/0.957942	_COMP_/0.000163	_YES_/0.041895
fn	12	Q2698774	9	8	first	_ord_	JJ	ORDINAL	season	_YES_	O/0.916760	O/0.916760	_COMP_/0.000215	_YES_/0.083024
fn	12	Q2698774	11	45	first	_ord_	JJ	ORDINAL	season	_YES_	O/0.972751	O/0.972751	_COMP_/0.000062	_YES_/0.027187
fn	12	Q2698774	15	1	first	_ord_	JJ	ORDINAL	season	_YES_	O/0.956882	O/0.956882	_COMP_/0.000062	_YES_/0.043056
fn	12	Q2698774	90	11	first	_ord_	JJ	ORDINAL	season	_YES_	O/0.930099	O/0.930099	_COMP_/0.000076	_YES_/0.069825
fn	12	Q2698774	96	9	first	_ord_	JJ	ORDINAL	season	_YES_	O/0.947711	O/0.947711	_COMP_/0.000072	_YES_/0.052217
fn	3	Q2264470	1	11	three	_num_	CD	NUMBER	series	_YES_	O/0.999126	O/0.999126	_COMP_/0.000018	_YES_/0.000855
fn	3	Q2264470	15	14	first	_ord_	JJ	ORDINAL	installment	_YES_	O/0.976038	O/0.976038	_COMP_/0.000042	_YES_/0.023920
fn	3	Q2264470	16	1	first	_ord_	JJ	ORDINAL	series	_YES_	O/0.963696	O/0.963696	_COMP_/0.000048	_YES_/0.036256
fn	3	Q2264470	57	12	first	_ord_	JJ	ORDINAL	series	_YES_	O/0.988386	O/0.988386	_COMP_/0.000051	_YES_/0.011563
fn	3	Q2264470	60	1	second	_ord_	JJ	ORDINAL	series	_YES_	O/0.936424	O/0.936424	_COMP_/0.000079	_YES_/0.063498
fn	3	Q2264470	61	2	third	_ord_	JJ	ORDINAL	series	_YES_	O/0.977636	O/0.977636	_COMP_/0.000037	_YES_/0.022327
tp	3	Q2264470	64	2	second	_ord_	JJ	ORDINAL	series	_YES_	O/0.894372	O/0.894372	_COMP_/0.000093	_YES_/0.105535
fn	3	Q2264470	64	24	third	_ord_	JJ	ORDINAL	series	_YES_	O/0.967598	O/0.967598	_COMP_/0.000060	_YES_/0.032343
fn	3	Q2264470	70	5	third	_ord_	JJ	ORDINAL	series	_YES_	O/0.983111	O/0.983111	_COMP_/0.000052	_YES_/0.016836
fn	3	Q2264470	95	17	third	_ord_	JJ	ORDINAL	series	_YES_	O/0.962245	O/0.962245	_COMP_/0.000054	_YES_/0.037701
fp	7	Q268100	3	6	LatinGreek_trilogy_3	_logy_	NN	O	O	O	_YES_/0.614536	O/0.385229	_COMP_/0.000235	_YES_/0.614536
fp	7	Q268100	5	9	LatinGreek_trilogy_3	_logy_	NN	O	O	O	O/0.692835	O/0.692835	_COMP_/0.000253	_YES_/0.306912
fp	7	Q268100	6	5	LatinGreek_trilogies_3	_logy_	NN	O	O	O	_YES_/0.702287	O/0.297292	_COMP_/0.000421	_YES_/0.702287
fp	7	Q268100	104	2	LatinGreek_trilogy_3	_logy_	NN	O	O	O	O/0.826664	O/0.826664	_COMP_/0.000190	_YES_/0.173147
fp	7	Q268100	104	12	LatinGreek_trilogy_3	_logy_	NN	O	O	O	O/0.501859	O/0.501859	_COMP_/0.000590	_YES_/0.497550
fp	7	Q268100	104	14	LatinGreek_trilogies_3	_logy_	NN	O	O	O	_YES_/0.672955	O/0.326674	_COMP_/0.000372	_YES_/0.672955
fp	7	Q268100	105	3	LatinGreek_trilogy_3	_logy_	NN	O	O	O	O/0.669106	O/0.669106	_COMP_/0.000455	_YES_/0.330438
fp	7	Q268100	105	20	LatinGreek_trilogy_3	_logy_	NN	O	O	O	O/0.610090	O/0.610090	_COMP_/0.000265	_YES_/0.389645
fp	7	Q268100	106	10	LatinGreek_trilogy_3	_logy_	NN	O	O	O	O/0.668931	O/0.668931	_COMP_/0.000175	_YES_/0.330894
fp	7	Q268100	106	14	LatinGreek_trilogy_3	_logy_	NN	O	O	O	O/0.544950	O/0.544950	_COMP_/0.000287	_YES_/0.454763
fp	7	Q268100	107	12	four	_num_	CD	NUMBER	book	O	O/0.842352	O/0.842352	_COMP_/0.000160	_YES_/0.157488
fp	7	Q268100	109	16	LatinGreek_trilogy_3	_logy_	NN	O	O	O	_YES_/0.685559	O/0.314214	_COMP_/0.000227	_YES_/0.685559
fp	7	Q268100	110	10	LatinGreek_trilogy_3	_logy_	NN	O	O	O	_YES_/0.780302	O/0.219463	_COMP_/0.000234	_YES_/0.780302
fp	7	Q268100	110	15	LatinGreek_trilogy_3	_logy_	NN	O	O	O	_YES_/0.551227	O/0.448259	_COMP_/0.000514	_YES_/0.551227
fn	6	Q136546	1	1	first	_ord_	JJ	ORDINAL	season	_YES_	O/0.952506	O/0.952506	_COMP_/0.000052	_YES_/0.047442
tp	6	Q136546	1	35	six	_num_	CD	NUMBER	episode	_YES_	O/0.569142	O/0.569142	_COMP_/0.000218	_YES_/0.430640
fn	6	Q136546	2	16	six	_num_	CD	NUMBER	episode	_YES_	O/0.993124	O/0.993124	_COMP_/0.000111	_YES_/0.006766
fp	6	Q136546	6	15	13	_num_	CD	NUMBER	episode	O	O/0.694218	O/0.694218	_COMP_/0.000177	_YES_/0.305605
fn	6	Q136546	10	1	first	_ord_	JJ	ORDINAL	season	_YES_	O/0.971501	O/0.971501	_COMP_/0.000048	_YES_/0.028451
fn	6	Q136546	45	10	six	_num_	CD	NUMBER	movie	_YES_	O/0.995630	O/0.995630	_COMP_/0.000045	_YES_/0.004325
fn	6	Q136546	72	11	first	_ord_	JJ	ORDINAL	season	_YES_	O/0.993926	O/0.993926	_COMP_/0.000031	_YES_/0.006043
tp	6	Q136546	94	8	six	_num_	CD	NUMBER	episode	_YES_	O/0.814373	O/0.814373	_COMP_/0.000185	_YES_/0.185442
tp	10	Q458982	2	21	ten	_num_	CD	NUMBER	volume	_YES_	_YES_/0.542090	O/0.457611	_COMP_/0.000299	_YES_/0.542090
fp	10	Q458982	7	10	six	_num_	CD	NUMBER	novel	O	O/0.823257	O/0.823257	_COMP_/0.000337	_YES_/0.176405
fp	10	Q458982	10	2	LatinGreek_Trilogy_3	_logy_	NN	O	O	O	_YES_/0.884295	O/0.115476	_COMP_/0.000229	_YES_/0.884295
fn	10	Q458982	16	12	ten	_num_	CD	NUMBER	novel	_YES_	O/0.998112	O/0.998112	_COMP_/0.000029	_YES_/0.001860
fp	10	Q458982	23	7	LatinGreek_trilogy_3	_logy_	NN	O	O	O	_YES_/0.809707	O/0.189975	_COMP_/0.000318	_YES_/0.809707
fn	10	Q458982	35	1	second	_ord_	JJ	ORDINAL	novel	_YES_	O/0.974213	O/0.974213	_COMP_/0.000034	_YES_/0.025753
fp	10	Q458982	39	25	LatinGreek_Trilogy_3	_logy_	NN	MISC	O	O	_YES_/0.620894	O/0.378886	_COMP_/0.000220	_YES_/0.620894
fp	10	Q458982	39	32	LatinGreek_trilogy_3	_logy_	NN	O	O	O	_YES_/0.754960	O/0.244715	_COMP_/0.000325	_YES_/0.754960
fp	10	Q458982	39	67	LatinGreek_Trilogy_3	_logy_	NN	O	O	O	_YES_/0.811624	O/0.188239	_COMP_/0.000138	_YES_/0.811624
fp	10	Q458982	40	6	LatinGreek_trilogy_3	_logy_	NN	O	O	O	_YES_/0.789089	O/0.210724	_COMP_/0.000187	_YES_/0.789089
fn	10	Q458982	42	5	first	_ord_	JJ	ORDINAL	novel	_YES_	O/0.985638	O/0.985638	_COMP_/0.000048	_YES_/0.014313
fp	10	Q458982	42	14	LatinGreek_trilogy_3	_logy_	NN	O	O	O	O/0.576916	O/0.576916	_COMP_/0.000230	_YES_/0.422854
fn	10	Q458982	56	1	second	_ord_	JJ	ORDINAL	novel	_YES_	O/0.967118	O/0.967118	_COMP_/0.000057	_YES_/0.032825
fn	10	Q458982	65	1	seventh	_ord_	JJ	ORDINAL	novel	_YES_	O/0.974214	O/0.974214	_COMP_/0.000034	_YES_/0.025753
fn	10	Q458982	72	1	fourth	_ord_	JJ	ORDINAL	novel	_YES_	O/0.974214	O/0.974214	_COMP_/0.000034	_YES_/0.025753
fn	6	Q482482	6	5	first	_ord_	JJ	ORDINAL	season	_YES_	O/0.976455	O/0.976455	_COMP_/0.000065	_YES_/0.023481
fn	6	Q482482	52	22	first	_ord_	JJ	ORDINAL	season	_YES_	O/0.956840	O/0.956840	_COMP_/0.000091	_YES_/0.043068
fn	6	Q482482	77	1	first	_ord_	JJ	ORDINAL	anime	_YES_	O/0.948563	O/0.948563	_COMP_/0.000066	_YES_/0.051371
fn	6	Q482482	89	1	second	_ord_	JJ	ORDINAL	anime	_YES_	O/0.948563	O/0.948563	_COMP_/0.000066	_YES_/0.051371
tp	6	Q482482	123	1	third	_ord_	JJ	ORDINAL	volume	_YES_	O/0.853227	O/0.853227	_COMP_/0.000115	_YES_/0.146658
tp	13	Q15731070	1	19	13	_num_	CD	NUMBER	episode	_YES_	O/0.844058	O/0.844058	_COMP_/0.000196	_YES_/0.155746
fn	13	Q15731070	46	6	13	_num_	CD	NUMBER	episode	_YES_	O/0.959967	O/0.959967	_COMP_/0.000110	_YES_/0.039923
tp	14	Q1988253	1	17	fourteen	_num_	CD	NUMBER	painting	_YES_	O/0.790900	O/0.790900	_COMP_/0.000235	_YES_/0.208865
fn	14	Q1988253	10	15	fourteen	_num_	CD	NUMBER	work	_YES_	O/0.999272	O/0.999272	_COMP_/0.000016	_YES_/0.000712
fn	14	Q1988253	40	3	fourteen	_num_	CD	NUMBER	painting	_YES_	O/0.995606	O/0.995606	_COMP_/0.000069	_YES_/0.004326
fp	15	Q1868663	116	24	first	_ord_	JJ	ORDINAL	version	O	O/0.797694	O/0.797694	_COMP_/0.000161	_YES_/0.202145
tp	5	Q7732814	1	9	five	_num_	CD	NUMBER	installment	_YES_	_YES_/0.720520	O/0.279211	_COMP_/0.000269	_YES_/0.720520
fn	5	Q7732814	16	5	first	_ord_	JJ	ORDINAL	film	_YES_	O/0.967879	O/0.967879	_COMP_/0.000063	_YES_/0.032058
tp	5	Q7732814	20	26	first	_ord_	JJ	ORDINAL	film	_YES_	O/0.863979	O/0.863979	_COMP_/0.000109	_YES_/0.135912
fn	5	Q7732814	120	35	five	_num_	CD	NUMBER	film	_YES_	O/0.934899	O/0.934899	_COMP_/0.000195	_YES_/0.064906
fn	12	Q12397	17	1	twelve	_num_	CD	NUMBER	game	_YES_	O/0.986087	O/0.986087	_COMP_/0.000036	_YES_/0.013877
fp	12	Q12397	32	11	LatinGreek_trilogy_3	_logy_	NN	O	O	O	_YES_/0.645930	O/0.353581	_COMP_/0.000489	_YES_/0.645930
fp	12	Q12397	42	23	LatinGreek_trilogy_3	_logy_	NN	O	O	O	_YES_/0.814400	O/0.185254	_COMP_/0.000347	_YES_/0.814400
fp	12	Q12397	45	17	LatinGreek_trilogy_3	_logy_	NN	O	O	O	_YES_/0.585285	O/0.414483	_COMP_/0.000232	_YES_/0.585285
fp	12	Q12397	58	20	LatinGreek_trilogy_3	_logy_	NN	O	O	O	_YES_/0.585380	O/0.414385	_COMP_/0.000235	_YES_/0.585380
fp	12	Q12397	69	17	LatinGreek_trilogy_3	_logy_	NN	O	O	O	_YES_/0.698657	O/0.301120	_COMP_/0.000222	_YES_/0.698657
tp	5	Q213167	1	14	LatinGreek_pentalogy_5	_logy_	NN	O	O	_YES_	_YES_/0.551776	O/0.447839	_COMP_/0.000384	_YES_/0.551776
fn	5	Q213167	2	0	Five	_num_	CD	NUMBER	book	_YES_	O/0.995642	O/0.995642	_COMP_/0.000157	_YES_/0.004201
fn	5	Q213167	74	7	fifth	_ord_	JJ	ORDINAL	book	_YES_	O/0.951836	O/0.951836	_COMP_/0.000070	_YES_/0.048093
fn	5	Q213167	95	10	second	_ord_	JJ	ORDINAL	book	_YES_	O/0.999131	O/0.999131	_COMP_/0.000013	_YES_/0.000856
fp	5	Q213167	111	26	Second	_ord_	JJ	ORDINAL	O	O	O/0.871092	O/0.871092	_COMP_/0.000451	_YES_/0.128457
tp	5	Q213167	136	1	second	_ord_	JJ	ORDINAL	film	_YES_	O/0.853344	O/0.853344	_COMP_/0.000089	_YES_/0.146567
tp	5	Q213167	144	7	five	_num_	CD	NUMBER	book	_YES_	O/0.692047	O/0.692047	_COMP_/0.000250	_YES_/0.307703
fn	5	Q213167	150	1	fifth	_ord_	JJ	ORDINAL	book	_YES_	O/0.902929	O/0.902929	_COMP_/0.000063	_YES_/0.097008
tp	5	Q213167	152	1	first	_ord_	JJ	ORDINAL	installment	_YES_	O/0.747090	O/0.747090	_COMP_/0.000143	_YES_/0.252767
fn	5	Q213167	153	1	second	_ord_	JJ	ORDINAL	book	_YES_	O/0.905256	O/0.905256	_COMP_/0.000092	_YES_/0.094652
fn	4	Q49019	1	5	four	_num_	CD	NUMBER	sitcom	_YES_	O/0.907084	O/0.907084	_COMP_/0.000274	_YES_/0.092641
fn	4	Q49019	6	4	fourth	_ord_	JJ	ORDINAL	series	_YES_	O/0.972616	O/0.972616	_COMP_/0.000053	_YES_/0.027330
fp	4	Q49019	69	18	a	_num_	DT	O	sitcom	O	O/0.865517	O/0.865517	_COMP_/0.000223	_YES_/0.134260
fn	4	Q49019	83	19	four	_num_	CD	NUMBER	series	_YES_	O/0.998698	O/0.998698	_COMP_/0.000033	_YES_/0.001268
fn	4	Q49019	102	4	fourth	_ord_	JJ	ORDINAL	series	_YES_	O/0.972616	O/0.972616	_COMP_/0.000053	_YES_/0.027330
fn	4	Q49019	139	17	four	_num_	CD	NUMBER	series	_YES_	O/0.938344	O/0.938344	_COMP_/0.000184	_YES_/0.061473
fn	4	Q49019	140	1	four	_num_	CD	NUMBER	series	_YES_	O/0.971263	O/0.971263	_COMP_/0.000177	_YES_/0.028561
fn	4	Q49019	144	9	fourth	_ord_	JJ	ORDINAL	series	_YES_	O/0.955676	O/0.955676	_COMP_/0.000067	_YES_/0.044258
fn	4	Q49019	146	1	four	_num_	CD	NUMBER	video	_YES_	O/0.992281	O/0.992281	_COMP_/0.000032	_YES_/0.007688
tp	3	Q2740077	1	2	LatinGreek_trilogy_3	_logy_	NN	O	O	_YES_	_YES_/0.884249	O/0.115519	_COMP_/0.000232	_YES_/0.884249
fn	3	Q2740077	12	28	three	_num_	CD	NUMBER	book	_YES_	O/0.996857	O/0.996857	_COMP_/0.000030	_YES_/0.003112
tp	3	Q2740077	26	5	LatinGreek_trilogy_3	_logy_	NN	O	O	_YES_	_YES_/0.936218	O/0.063643	_COMP_/0.000139	_YES_/0.936218
tp	3	Q2740077	48	1	LatinGreek_trilogy_3	_logy_	NN	O	O	_YES_	_YES_/0.813709	O/0.185903	_COMP_/0.000388	_YES_/0.813709
tp	3	Q2740077	87	6	LatinGreek_trilogies_3	_logy_	NN	O	O	_YES_	_YES_/0.818279	O/0.181494	_COMP_/0.000227	_YES_/0.818279
fp	3	Q2740077	108	6	second	_ord_	JJ	ORDINAL	son	O	O/0.759516	O/0.759516	_COMP_/0.000134	_YES_/0.240350
tp	4	Q720426	1	9	four	_num_	CD	NUMBER	painting	_YES_	O/0.560589	O/0.560589	_COMP_/0.000433	_YES_/0.438978
fn	4	Q720426	2	11	four	_num_	CD	NUMBER	engraving	_YES_	O/0.935413	O/0.935413	_COMP_/0.000232	_YES_/0.064354
fn	4	Q720426	6	1	four	_num_	CD	NUMBER	picture	_YES_	O/0.995468	O/0.995468	_COMP_/0.000026	_YES_/0.004506
fn	4	Q720426	10	10	four	_num_	CD	NUMBER	print	_YES_	O/0.998651	O/0.998651	_COMP_/0.000018	_YES_/0.001332
fn	4	Q720426	21	1	four	_num_	CD	NUMBER	plate	_YES_	O/0.997932	O/0.997932	_COMP_/0.000017	_YES_/0.002050
fn	4	Q720426	23	36	four	_num_	CD	NUMBER	plate	_YES_	O/0.999413	O/0.999413	_COMP_/0.000014	_YES_/0.000573
fp	4	Q720426	120	18	first	_ord_	JJ	ORDINAL	Lodge	O	O/0.839959	O/0.839959	_COMP_/0.000236	_YES_/0.159805
tp	5	Q1276821	1	6	LatinGreek_pentalogy_5	_logy_	NN	O	O	_YES_	_YES_/0.551396	O/0.448223	_COMP_/0.000382	_YES_/0.551396
fn	5	Q1276821	182	8	fifth	_ord_	JJ	ORDINAL	book	_YES_	O/0.951837	O/0.951837	_COMP_/0.000070	_YES_/0.048093
tp	3	Q91558	3	1	first	_ord_	JJ	ORDINAL	film	_YES_	O/0.861927	O/0.861927	_COMP_/0.000082	_YES_/0.137991
fn	3	Q91558	3	18	second	_ord_	JJ	ORDINAL	film	_YES_	O/0.980525	O/0.980525	_COMP_/0.000038	_YES_/0.019436
fn	3	Q91558	3	20	third	_ord_	JJ	ORDINAL	O	_YES_	O/0.996082	O/0.996082	_COMP_/0.000030	_YES_/0.003888
tp	3	Q91558	4	19	LatinGreek_trilogy_3	_logy_	NN	O	O	_YES_	_YES_/0.738562	O/0.261056	_COMP_/0.000382	_YES_/0.738562
tp	3	Q91558	6	1	LatinGreek_trilogy_3	_logy_	NN	O	O	_YES_	_YES_/0.802661	O/0.197149	_COMP_/0.000190	_YES_/0.802661
tp	3	Q91558	53	12	LatinGreek_trilogy_3	_logy_	NN	O	O	_YES_	_YES_/0.604024	O/0.395670	_COMP_/0.000305	_YES_/0.604024
tp	3	Q91558	61	9	LatinGreek_trilogy_3	_logy_	NN	O	O	_YES_	_YES_/0.541694	O/0.457921	_COMP_/0.000385	_YES_/0.541694
tp	3	Q91558	63	13	LatinGreek_trilogy_3	_logy_	NN	O	O	_YES_	_YES_/0.956309	O/0.043556	_COMP_/0.000135	_YES_/0.956309
tp	3	Q91558	64	38	first	_ord_	JJ	ORDINAL	film	_YES_	O/0.863834	O/0.863834	_COMP_/0.000109	_YES_/0.136057
tp	3	Q91558	74	4	LatinGreek_trilogy_3	_logy_	NN	O	O	_YES_	_YES_/0.810347	O/0.189406	_COMP_/0.000248	_YES_/0.810347
tp	3	Q91558	96	17	LatinGreek_trilogy_3	_logy_	NN	O	O	_YES_	O/0.561162	O/0.561162	_COMP_/0.000356	_YES_/0.438482
fp	3	Q91558	134	17	first	_ord_	JJ	ORDINAL	act	O	O/0.843639	O/0.843639	_COMP_/0.000136	_YES_/0.156225
fn	3	Q91558	134	21	second	_ord_	JJ	ORDINAL	film	_YES_	O/0.923778	O/0.923778	_COMP_/0.000085	_YES_/0.076137
tp	3	Q91558	139	15	LatinGreek_trilogy_3	_logy_	NN	O	O	_YES_	O/0.578674	O/0.578674	_COMP_/0.000246	_YES_/0.421080
fn	15	Q4470	4	14	twelfth	_ord_	JJ	ORDINAL	volume	_YES_	O/0.962060	O/0.962060	_COMP_/0.000047	_YES_/0.037892
fp	15	Q4470	145	16	three	_num_	CD	NUMBER	book	O	O/0.862874	O/0.862874	_COMP_/0.000279	_YES_/0.136848
fn	15	Q4470	158	25	twelfth	_ord_	JJ	ORDINAL	volume	_YES_	O/0.948873	O/0.948873	_COMP_/0.000067	_YES_/0.051059
fn	15	Q4470	159	11	twelfth	_ord_	JJ	ORDINAL	book	_YES_	O/0.991756	O/0.991756	_COMP_/0.000026	_YES_/0.008218
tp	15	Q4470	166	1	first	_ord_	JJ	ORDINAL	volume	_YES_	O/0.876232	O/0.876232	_COMP_/0.000071	_YES_/0.123697
fp	15	Q4470	170	20	LatinGreek_trilogy_3	_logy_	NN	O	O	O	_YES_/0.530410	O/0.469083	_COMP_/0.000507	_YES_/0.530410
fp	15	Q4470	172	24	LatinGreek_trilogy_3	_logy_	NN	O	O	O	_YES_/0.589031	O/0.410667	_COMP_/0.000303	_YES_/0.589031
fp	15	Q4470	182	24	six	_num_	CD	NUMBER	novel	O	O/0.812637	O/0.812637	_COMP_/0.000442	_YES_/0.186921
fn	2	Q17080059	2	1	first	_ord_	JJ	ORDINAL	season	_YES_	O/0.952506	O/0.952506	_COMP_/0.000052	_YES_/0.047442
fn	2	Q17080059	3	2	second	_ord_	JJ	ORDINAL	season	_YES_	O/0.984665	O/0.984665	_COMP_/0.000036	_YES_/0.015299
fn	2	Q17080059	4	14	first	_ord_	JJ	ORDINAL	season	_YES_	O/0.955620	O/0.955620	_COMP_/0.000067	_YES_/0.044314
fn	2	Q17080059	5	3	first	_ord_	JJ	ORDINAL	season	_YES_	O/0.982643	O/0.982643	_COMP_/0.000105	_YES_/0.017252
fn	2	Q17080059	9	1	first	_ord_	JJ	ORDINAL	season	_YES_	O/0.920722	O/0.920722	_COMP_/0.000065	_YES_/0.079213
fn	2	Q17080059	10	2	second	_ord_	JJ	ORDINAL	season	_YES_	O/0.958057	O/0.958057	_COMP_/0.000052	_YES_/0.041891
fn	2	Q17080059	12	1	first	_ord_	JJ	ORDINAL	season	_YES_	O/0.926663	O/0.926663	_COMP_/0.000054	_YES_/0.073283
fp	2	Q17080059	12	6	12	_num_	CD	NUMBER	episode	O	O/0.694006	O/0.694006	_COMP_/0.000178	_YES_/0.305816
fn	2	Q17080059	27	10	first	_ord_	JJ	ORDINAL	series	_YES_	O/0.982692	O/0.982692	_COMP_/0.000080	_YES_/0.017228
fp	2	Q17080059	32	30	eight	_num_	CD	NUMBER	character	O	O/0.897203	O/0.897203	_COMP_/0.000184	_YES_/0.102614
fn	2	Q17080059	45	31	first	_ord_	JJ	ORDINAL	season	_YES_	O/0.948279	O/0.948279	_COMP_/0.000072	_YES_/0.051649
fn	2	Q17080059	46	8	first	_ord_	JJ	ORDINAL	season	_YES_	O/0.996892	O/0.996892	_COMP_/0.000160	_YES_/0.002949
fn	2	Q17080059	47	22	first	_ord_	JJ	ORDINAL	episode	_YES_	O/0.978420	O/0.978420	_COMP_/0.000050	_YES_/0.021529
fn	2	Q17080059	52	1	first	_ord_	JJ	ORDINAL	season	_YES_	O/0.948335	O/0.948335	_COMP_/0.000070	_YES_/0.051595
fn	2	Q17080059	54	19	first	_ord_	JJ	ORDINAL	season	_YES_	O/0.979119	O/0.979119	_COMP_/0.000060	_YES_/0.020821
fn	2	Q17080059	56	26	first	_ord_	JJ	ORDINAL	season	_YES_	O/0.929128	O/0.929128	_COMP_/0.000095	_YES_/0.070777
fn	2	Q17080059	59	9	first	_ord_	JJ	ORDINAL	episode	_YES_	O/0.993180	O/0.993180	_COMP_/0.000030	_YES_/0.006791
fn	2	Q17080059	64	38	first	_ord_	JJ	ORDINAL	season	_YES_	O/0.980363	O/0.980363	_COMP_/0.000047	_YES_/0.019591
fn	2	Q17080059	66	18	first	_ord_	JJ	ORDINAL	season	_YES_	O/0.979755	O/0.979755	_COMP_/0.000045	_YES_/0.020200
fn	2	Q17080059	68	4	first	_ord_	JJ	ORDINAL	season	_YES_	O/0.954564	O/0.954564	_COMP_/0.000063	_YES_/0.045373
fn	2	Q17080059	77	22	first	_ord_	JJ	ORDINAL	episode	_YES_	O/0.978425	O/0.978425	_COMP_/0.000050	_YES_/0.021525
fn	2	Q17080059	82	2	first	_ord_	JJ	ORDINAL	episode	_YES_	O/0.990787	O/0.990787	_COMP_/0.000032	_YES_/0.009181
fn	2	Q17080059	92	11	first	_ord_	JJ	ORDINAL	season	_YES_	O/0.951119	O/0.951119	_COMP_/0.000188	_YES_/0.048694
fn	2	Q17080059	93	2	first	_ord_	JJ	ORDINAL	season	_YES_	O/0.973347	O/0.973347	_COMP_/0.000046	_YES_/0.026607
fn	2	Q17080059	93	33	second	_ord_	JJ	ORDINAL	season	_YES_	O/0.954566	O/0.954566	_COMP_/0.000063	_YES_/0.045371
fn	2	Q17080059	116	2	first	_ord_	JJ	ORDINAL	season	_YES_	O/0.989418	O/0.989418	_COMP_/0.000038	_YES_/0.010543
fn	2	Q17080059	117	3	first	_ord_	JJ	ORDINAL	season	_YES_	O/0.922361	O/0.922361	_COMP_/0.000106	_YES_/0.077532
tp	2	Q17080059	150	2	first	_ord_	JJ	ORDINAL	season	_YES_	O/0.886627	O/0.886627	_COMP_/0.000104	_YES_/0.113269
fn	2	Q17080059	157	4	first	_ord_	JJ	ORDINAL	season	_YES_	O/0.972753	O/0.972753	_COMP_/0.000062	_YES_/0.027184
fn	2	Q17080059	167	3	first	_ord_	JJ	ORDINAL	season	_YES_	O/0.946204	O/0.946204	_COMP_/0.000057	_YES_/0.053739
tp	2	Q17080059	169	2	first	_ord_	JJ	ORDINAL	season	_YES_	O/0.865267	O/0.865267	_COMP_/0.000097	_YES_/0.134636
fn	2	Q17080059	175	2	second	_ord_	JJ	ORDINAL	season	_YES_	O/0.970547	O/0.970547	_COMP_/0.000040	_YES_/0.029413
fn	2	Q17080059	176	15	first	_ord_	JJ	ORDINAL	season	_YES_	O/0.929114	O/0.929114	_COMP_/0.000095	_YES_/0.070792
fn	2	Q17080059	188	24	first	_ord_	JJ	ORDINAL	season	_YES_	O/0.966088	O/0.966088	_COMP_/0.000118	_YES_/0.033793
fn	2	Q17080059	191	28	first	_ord_	JJ	ORDINAL	season	_YES_	O/0.973156	O/0.973156	_COMP_/0.000050	_YES_/0.026794
fp	2	Q17080059	191	52	a	_num_	DT	O	film	O	O/0.780588	O/0.780588	_COMP_/0.000213	_YES_/0.219198
fn	2	Q17080059	207	36	first	_ord_	JJ	ORDINAL	season	_YES_	O/0.951114	O/0.951114	_COMP_/0.000189	_YES_/0.048696
fn	2	Q17080059	211	4	first	_ord_	JJ	ORDINAL	season	_YES_	O/0.972750	O/0.972750	_COMP_/0.000062	_YES_/0.027188
fn	2	Q17080059	217	29	first	_ord_	JJ	ORDINAL	season	_YES_	O/0.976007	O/0.976007	_COMP_/0.000055	_YES_/0.023938
fn	2	Q17080059	218	22	first	_ord_	JJ	ORDINAL	season	_YES_	O/0.970906	O/0.970906	_COMP_/0.000097	_YES_/0.028996
fn	2	Q17080059	221	9	first	_ord_	JJ	ORDINAL	season	_YES_	O/0.957482	O/0.957482	_COMP_/0.000064	_YES_/0.042454
tp	3	Q1758072	2	1	first	_ord_	JJ	ORDINAL	season	_YES_	O/0.813299	O/0.813299	_COMP_/0.000121	_YES_/0.186580
fn	3	Q1758072	5	3	three	_num_	CD	NUMBER	season	_YES_	O/0.976483	O/0.976483	_COMP_/0.000125	_YES_/0.023392
tp	3	Q1758072	90	1	third	_ord_	JJ	ORDINAL	season	_YES_	O/0.813469	O/0.813469	_COMP_/0.000118	_YES_/0.186414
fn	3	Q1758072	91	1	third	_ord_	JJ	ORDINAL	season	_YES_	O/0.914644	O/0.914644	_COMP_/0.000086	_YES_/0.085269
fn	3	Q1758072	183	2	third	_ord_	JJ	ORDINAL	season	_YES_	O/0.975196	O/0.975196	_COMP_/0.000095	_YES_/0.024709
fn	2	Q7231475	2	9	two	_num_	CD	NUMBER	game	_YES_	O/0.993416	O/0.993416	_COMP_/0.000039	_YES_/0.006545
fn	2	Q7231475	80	28	two	_num_	CD	NUMBER	episode	_YES_	O/0.998343	O/0.998343	_COMP_/0.000020	_YES_/0.001638
fn	2	Q7231475	95	8	two	_num_	CD	NUMBER	part	_YES_	O/0.998538	O/0.998538	_COMP_/0.000029	_YES_/0.001434
fn	7	Q1525645	64	13	fifth	_ord_	JJ	ORDINAL	season	_YES_	O/0.986731	O/0.986731	_COMP_/0.000047	_YES_/0.013223
fn	7	Q1525645	68	26	fifth	_ord_	JJ	ORDINAL	season	_YES_	O/0.930097	O/0.930097	_COMP_/0.000076	_YES_/0.069827
fn	7	Q1525645	70	13	sixth	_ord_	JJ	ORDINAL	season	_YES_	O/0.992227	O/0.992227	_COMP_/0.000031	_YES_/0.007742
fn	7	Q1525645	71	13	seventh	_ord_	JJ	ORDINAL	season	_YES_	O/0.986731	O/0.986731	_COMP_/0.000047	_YES_/0.013223
fp	7	Q1525645	82	21	ten	_num_	CD	NUMBER	episode	O	O/0.569400	O/0.569400	_COMP_/0.000218	_YES_/0.430382
fn	7	Q1525645	95	6	sixth	_ord_	JJ	ORDINAL	season	_YES_	O/0.992083	O/0.992083	_COMP_/0.000044	_YES_/0.007873
fn	7	Q1525645	98	8	sixth	_ord_	JJ	ORDINAL	season	_YES_	O/0.954558	O/0.954558	_COMP_/0.000063	_YES_/0.045379
fn	7	Q1525645	131	20	sixth	_ord_	JJ	ORDINAL	season	_YES_	O/0.933179	O/0.933179	_COMP_/0.000081	_YES_/0.066740
fn	7	Q1525645	134	1	first	_ord_	JJ	ORDINAL	season	_YES_	O/0.971498	O/0.971498	_COMP_/0.000048	_YES_/0.028454
fn	7	Q1525645	192	24	sixth	_ord_	JJ	ORDINAL	episode	_YES_	O/0.997222	O/0.997222	_COMP_/0.000019	_YES_/0.002760
fn	8	Q3098236	6	0	Eight	_num_	CD	NUMBER	series	_YES_	O/0.992165	O/0.992165	_COMP_/0.000382	_YES_/0.007453
fp	8	Q3098236	6	3	107	_num_	CD	NUMBER	episode	O	O/0.852448	O/0.852448	_COMP_/0.000264	_YES_/0.147287
fn	8	Q3098236	13	3	eight	_num_	CD	NUMBER	series	_YES_	O/0.995754	O/0.995754	_COMP_/0.000040	_YES_/0.004206
fp	8	Q3098236	49	27	a	_num_	DT	O	game	O	O/0.801491	O/0.801491	_COMP_/0.000231	_YES_/0.198278
fn	8	Q3098236	154	6	eighth	_ord_	JJ	ORDINAL	series	_YES_	O/0.976935	O/0.976935	_COMP_/0.000077	_YES_/0.022988
fn	8	Q3098236	174	23	eight	_num_	CD	NUMBER	series	_YES_	O/0.982545	O/0.982545	_COMP_/0.000080	_YES_/0.017376
fn	8	Q3098236	209	20	eight	_num_	CD	NUMBER	series	_YES_	O/0.969660	O/0.969660	_COMP_/0.000101	_YES_/0.030238
fn	8	Q3098236	216	1	eight	_num_	CD	NUMBER	series	_YES_	O/0.990596	O/0.990596	_COMP_/0.000054	_YES_/0.009351
fn	8	Q3098236	218	9	eight	_num_	CD	NUMBER	series	_YES_	O/0.963155	O/0.963155	_COMP_/0.000106	_YES_/0.036739
fn	7	Q186219	6	17	seven	_num_	CD	NUMBER	season	_YES_	O/0.995741	O/0.995741	_COMP_/0.000106	_YES_/0.004153
fn	7	Q186219	19	32	first	_ord_	JJ	ORDINAL	installment	_YES_	O/0.916039	O/0.916039	_COMP_/0.000115	_YES_/0.083846
fn	7	Q186219	49	28	first	_ord_	JJ	ORDINAL	season	_YES_	O/0.929114	O/0.929114	_COMP_/0.000095	_YES_/0.070791
fp	7	Q186219	51	1	second	_ord_	JJ	ORDINAL	soundtrack	O	O/0.891871	O/0.891871	_COMP_/0.000091	_YES_/0.108038
tp	7	Q186219	52	1	third	_ord_	JJ	ORDINAL	volume	_YES_	O/0.866658	O/0.866658	_COMP_/0.000088	_YES_/0.133254
fp	7	Q186219	93	8	four	_num_	CD	NUMBER	novel	O	O/0.812391	O/0.812391	_COMP_/0.000456	_YES_/0.187153
tp	7	Q186219	104	5	first	_ord_	JJ	ORDINAL	season	_YES_	O/0.893010	O/0.893010	_COMP_/0.000151	_YES_/0.106839
fn	7	Q186219	109	5	first	_ord_	JJ	ORDINAL	season	_YES_	O/0.974679	O/0.974679	_COMP_/0.000051	_YES_/0.025270
tp	7	Q186219	116	6	first	_ord_	JJ	ORDINAL	season	_YES_	O/0.893009	O/0.893009	_COMP_/0.000151	_YES_/0.106840
tp	7	Q186219	124	2	first	_ord_	JJ	ORDINAL	season	_YES_	O/0.865280	O/0.865280	_COMP_/0.000097	_YES_/0.134623
fp	7	Q186219	126	6	first	_ord_	JJ	ORDINAL	return	O	O/0.889919	O/0.889919	_COMP_/0.000133	_YES_/0.109948
fn	7	Q186219	153	16	seventh	_ord_	JJ	ORDINAL	season	_YES_	O/0.965937	O/0.965937	_COMP_/0.000067	_YES_/0.033996
fn	7	Q186219	155	5	first	_ord_	JJ	ORDINAL	season	_YES_	O/0.970397	O/0.970397	_COMP_/0.000082	_YES_/0.029521
fn	7	Q186219	171	22	first	_ord_	JJ	ORDINAL	season	_YES_	O/0.929119	O/0.929119	_COMP_/0.000095	_YES_/0.070786
fn	7	Q186219	204	1	seventh	_ord_	JJ	ORDINAL	season	_YES_	O/0.902934	O/0.902934	_COMP_/0.000063	_YES_/0.097003
fn	7	Q186219	216	2	first	_ord_	JJ	ORDINAL	season	_YES_	O/0.958057	O/0.958057	_COMP_/0.000052	_YES_/0.041891
fn	7	Q186219	219	1	sixth	_ord_	JJ	ORDINAL	season	_YES_	O/0.947300	O/0.947300	_COMP_/0.000068	_YES_/0.052632
fp	7	Q186219	237	1	second	_ord_	JJ	ORDINAL	premiere	O	O/0.813430	O/0.813430	_COMP_/0.000118	_YES_/0.186451
fn	4	Q3330940	3	3	first	_ord_	JJ	ORDINAL	season	_YES_	O/0.974116	O/0.974116	_COMP_/0.000457	_YES_/0.025427
fn	4	Q3330940	11	35	four	_num_	CD	NUMBER	season	_YES_	O/0.997795	O/0.997795	_COMP_/0.000027	_YES_/0.002178
fn	4	Q3330940	129	13	fourth	_ord_	JJ	ORDINAL	season	_YES_	O/0.917406	O/0.917406	_COMP_/0.000089	_YES_/0.082505
tp	4	Q3330940	204	1	first	_ord_	JJ	ORDINAL	season	_YES_	O/0.899090	O/0.899090	_COMP_/0.000092	_YES_/0.100818
tp	4	Q3330940	218	1	second	_ord_	JJ	ORDINAL	season	_YES_	O/0.899090	O/0.899090	_COMP_/0.000092	_YES_/0.100818
fn	4	Q3330940	220	37	first	_ord_	JJ	ORDINAL	season	_YES_	O/0.985192	O/0.985192	_COMP_/0.000051	_YES_/0.014757
tp	4	Q3330940	225	1	third	_ord_	JJ	ORDINAL	season	_YES_	O/0.899090	O/0.899090	_COMP_/0.000092	_YES_/0.100818
tp	4	Q3330940	231	1	fourth	_ord_	JJ	ORDINAL	season	_YES_	O/0.899090	O/0.899090	_COMP_/0.000092	_YES_/0.100818
fn	3	Q190214	1	11	three	_num_	CD	NUMBER	film	_YES_	O/0.908027	O/0.908027	_COMP_/0.000181	_YES_/0.091792
fn	3	Q190214	5	47	three	_num_	CD	NUMBER	film	_YES_	O/0.970281	O/0.970281	_COMP_/0.000118	_YES_/0.029602
fn	3	Q190214	50	26	three	_num_	CD	NUMBER	volume	_YES_	O/0.969369	O/0.969369	_COMP_/0.000127	_YES_/0.030504
tp	3	Q190214	50	52	LatinGreek_trilogy_3	_logy_	NN	O	O	_YES_	_YES_/0.904156	O/0.095617	_COMP_/0.000227	_YES_/0.904156
fn	3	Q190214	52	3	three	_num_	CD	NUMBER	film	_YES_	O/0.996731	O/0.996731	_COMP_/0.000043	_YES_/0.003225
fn	3	Q190214	53	1	three	_num_	CD	NUMBER	film	_YES_	O/0.995247	O/0.995247	_COMP_/0.000025	_YES_/0.004728
tp	3	Q190214	53	9	LatinGreek_trilogy_3	_logy_	NN	O	O	_YES_	_YES_/0.927262	O/0.072401	_COMP_/0.000337	_YES_/0.927262
fn	3	Q190214	53	11	three	_num_	CD	NUMBER	volume	_YES_	O/0.947809	O/0.947809	_COMP_/0.000128	_YES_/0.052063
fn	3	Q190214	77	4	three	_num_	CD	NUMBER	film	_YES_	O/0.952487	O/0.952487	_COMP_/0.000115	_YES_/0.047398
tp	3	Q190214	91	5	first	_ord_	JJ	ORDINAL	film	_YES_	O/0.882558	O/0.882558	_COMP_/0.000084	_YES_/0.117358
fn	3	Q190214	95	1	first	_ord_	JJ	ORDINAL	film	_YES_	O/0.958097	O/0.958097	_COMP_/0.000059	_YES_/0.041844
fn	3	Q190214	98	27	third	_ord_	JJ	ORDINAL	film	_YES_	O/0.963627	O/0.963627	_COMP_/0.000080	_YES_/0.036293
fn	3	Q190214	99	6	third	_ord_	JJ	ORDINAL	film	_YES_	O/0.975883	O/0.975883	_COMP_/0.000071	_YES_/0.024045
tp	3	Q190214	116	17	LatinGreek_trilogy_3	_logy_	NN	O	O	_YES_	_YES_/0.929468	O/0.070311	_COMP_/0.000222	_YES_/0.929468
fn	3	Q190214	122	1	third	_ord_	JJ	ORDINAL	film	_YES_	O/0.958102	O/0.958102	_COMP_/0.000059	_YES_/0.041839
fn	3	Q190214	125	14	third	_ord_	JJ	ORDINAL	film	_YES_	O/0.945999	O/0.945999	_COMP_/0.000088	_YES_/0.053912
fn	3	Q190214	139	15	third	_ord_	JJ	ORDINAL	1,488	_YES_	O/0.997886	O/0.997886	_COMP_/0.000044	_YES_/0.002070
tp	3	Q190214	145	1	LatinGreek_trilogy_3	_logy_	NN	O	O	_YES_	_YES_/0.960624	O/0.039272	_COMP_/0.000104	_YES_/0.960624
tp	3	Q190214	164	19	LatinGreek_Trilogy_3	_logy_	NN	O	O	_YES_	O/0.581974	O/0.581974	_COMP_/0.000855	_YES_/0.417170
tp	3	Q190214	164	31	third	_ord_	JJ	ORDINAL	film	_YES_	O/0.875872	O/0.875872	_COMP_/0.000122	_YES_/0.124006
fn	3	Q190214	165	25	three	_num_	CD	NUMBER	movie	_YES_	O/0.998179	O/0.998179	_COMP_/0.000020	_YES_/0.001801
tp	3	Q190214	168	4	LatinGreek_trilogy_3	_logy_	NN	O	O	_YES_	_YES_/0.914479	O/0.085315	_COMP_/0.000206	_YES_/0.914479
fn	3	Q190214	191	1	three	_num_	CD	NUMBER	film	_YES_	O/0.995165	O/0.995165	_COMP_/0.000025	_YES_/0.004809
tp	3	Q190214	191	25	LatinGreek_trilogy_3	_logy_	NN	O	O	_YES_	_YES_/0.705874	O/0.293709	_COMP_/0.000417	_YES_/0.705874
fn	3	Q190214	195	6	three	_num_	CD	NUMBER	film	_YES_	O/0.997380	O/0.997380	_COMP_/0.000028	_YES_/0.002592
tp	3	Q190214	195	20	LatinGreek_trilogy_3	_logy_	NN	O	O	_YES_	_YES_/0.678751	O/0.320970	_COMP_/0.000279	_YES_/0.678751
fn	3	Q190214	241	13	first	_ord_	JJ	ORDINAL	film	_YES_	O/0.915876	O/0.915876	_COMP_/0.000077	_YES_/0.084047
fn	3	Q190214	248	4	three	_num_	CD	NUMBER	film	_YES_	O/0.985025	O/0.985025	_COMP_/0.000094	_YES_/0.014881
tp	3	Q190214	249	1	first	_ord_	JJ	ORDINAL	film	_YES_	O/0.871659	O/0.871659	_COMP_/0.000068	_YES_/0.128273
fn	3	Q190214	249	30	third	_ord_	JJ	ORDINAL	film	_YES_	O/0.978749	O/0.978749	_COMP_/0.000037	_YES_/0.021214
tp	8	Q216930	2	10	eight	_num_	CD	NUMBER	film	_YES_	_YES_/0.783818	O/0.215976	_COMP_/0.000206	_YES_/0.783818
fp	8	Q216930	3	7	five	_num_	CD	NUMBER	film	O	O/0.660850	O/0.660850	_COMP_/0.000181	_YES_/0.338969
tp	8	Q216930	33	10	first	_ord_	JJ	ORDINAL	film	_YES_	O/0.877565	O/0.877565	_COMP_/0.000098	_YES_/0.122337
tp	8	Q216930	68	1	sixth	_ord_	JJ	ORDINAL	film	_YES_	O/0.853344	O/0.853344	_COMP_/0.000089	_YES_/0.146567
fn	8	Q216930	73	19	eight	_num_	CD	NUMBER	film	_YES_	O/0.985428	O/0.985428	_COMP_/0.000073	_YES_/0.014499
tp	8	Q216930	75	8	first	_ord_	JJ	ORDINAL	film	_YES_	O/0.882851	O/0.882851	_COMP_/0.000084	_YES_/0.117065
tp	8	Q216930	82	11	first	_ord_	JJ	ORDINAL	film	_YES_	O/0.875881	O/0.875881	_COMP_/0.000122	_YES_/0.123997
fn	8	Q216930	124	5	eight	_num_	CD	NUMBER	film	_YES_	O/0.952497	O/0.952497	_COMP_/0.000115	_YES_/0.047388
tp	8	Q216930	141	13	first	_ord_	JJ	ORDINAL	film	_YES_	O/0.883138	O/0.883138	_COMP_/0.000083	_YES_/0.116778
tp	8	Q216930	175	2	first	_ord_	JJ	ORDINAL	film	_YES_	O/0.882485	O/0.882485	_COMP_/0.000085	_YES_/0.117430
fp	8	Q216930	226	14	LatinGreek_trilogy_3	_logy_	NN	O	O	O	_YES_/0.755873	O/0.243749	_COMP_/0.000377	_YES_/0.755873
tp	8	Q216930	237	1	fifth	_ord_	JJ	ORDINAL	film	_YES_	O/0.871691	O/0.871691	_COMP_/0.000068	_YES_/0.128241
fn	8	Q216930	257	17	eight	_num_	CD	NUMBER	film	_YES_	O/0.962042	O/0.962042	_COMP_/0.000218	_YES_/0.037740
fp	8	Q216930	264	40	LatinGreek_trilogy_3	_logy_	NN	MISC	O	O	_YES_/0.789496	O/0.210196	_COMP_/0.000308	_YES_/0.789496
fn	8	Q216930	287	27	eight	_num_	CD	NUMBER	film	_YES_	O/0.998542	O/0.998542	_COMP_/0.000018	_YES_/0.001440
fp	7	Q464928	1	18	a	_num_	DT	O	novel	O	O/0.821481	O/0.821481	_COMP_/0.000220	_YES_/0.178299
fn	7	Q464928	1	21	seven	_num_	CD	NUMBER	volume	_YES_	O/0.982189	O/0.982189	_COMP_/0.000068	_YES_/0.017743
fn	7	Q464928	7	5	seven	_num_	CD	NUMBER	volume	_YES_	O/0.993503	O/0.993503	_COMP_/0.000048	_YES_/0.006450
fn	7	Q464928	13	6	seven	_num_	CD	NUMBER	volume	_YES_	O/0.992499	O/0.992499	_COMP_/0.000062	_YES_/0.007439
tp	24	Q5965446	1	5	twenty-four	_num_	CD	NUMBER	novel	_YES_	O/0.816476	O/0.816476	_COMP_/0.000446	_YES_/0.183078
fp	24	Q5965446	216	1	second	_ord_	JJ	ORDINAL	scene	O	O/0.820976	O/0.820976	_COMP_/0.000088	_YES_/0.178935
fp	24	Q5965446	226	7	first	_ord_	JJ	ORDINAL	appearance	O	O/0.887074	O/0.887074	_COMP_/0.000203	_YES_/0.112723
fp	24	Q5965446	239	6	four	_num_	CD	NUMBER	novella	O	_YES_/0.581022	O/0.418672	_COMP_/0.000306	_YES_/0.581022
fn	24	Q5965446	252	12	twenty-four	_num_	CD	NUMBER	novel	_YES_	O/0.995112	O/0.995112	_COMP_/0.000048	_YES_/0.004841
tp	24	Q5965446	263	3	second	_ord_	JJ	ORDINAL	book	_YES_	O/0.698158	O/0.698158	_COMP_/0.000213	_YES_/0.301629
fn	24	Q5965446	264	5	third	_ord_	JJ	ORDINAL	book	_YES_	O/0.977959	O/0.977959	_COMP_/0.000059	_YES_/0.021982
fn	24	Q5965446	280	21	twenty-four	_num_	CD	NUMBER	series	_YES_	O/0.993390	O/0.993390	_COMP_/0.000033	_YES_/0.006577
fp	24	Q5965446	296	12	five	_num_	CD	NUMBER	novel	O	O/0.511659	O/0.511659	_COMP_/0.000415	_YES_/0.487926
tp	7	Q326180	116	1	second	_ord_	JJ	ORDINAL	series	_YES_	O/0.852213	O/0.852213	_COMP_/0.000116	_YES_/0.147671
fn	7	Q326180	252	1	seventh	_ord_	JJ	ORDINAL	series	_YES_	O/0.943486	O/0.943486	_COMP_/0.000052	_YES_/0.056462
fn	14	Q8070684	7	1	thirteenth	_ord_	JJ	ORDINAL	series	_YES_	O/0.961799	O/0.961799	_COMP_/0.000062	_YES_/0.038138
fn	14	Q8070684	10	2	fourth	_ord_	JJ	ORDINAL	series	_YES_	O/0.979950	O/0.979950	_COMP_/0.000042	_YES_/0.020008
tp	14	Q8070684	95	27	first	_ord_	JJ	ORDINAL	series	_YES_	O/0.831396	O/0.831396	_COMP_/0.000127	_YES_/0.168476
fn	14	Q8070684	121	1	fifth	_ord_	JJ	ORDINAL	series	_YES_	O/0.963696	O/0.963696	_COMP_/0.000048	_YES_/0.036256
tp	14	Q8070684	129	1	sixth	_ord_	JJ	ORDINAL	series	_YES_	O/0.897917	O/0.897917	_COMP_/0.000132	_YES_/0.101951
fn	14	Q8070684	190	8	fourteenth	_ord_	JJ	ORDINAL	series	_YES_	O/0.994579	O/0.994579	_COMP_/0.000058	_YES_/0.005362
fn	14	Q8070684	192	14	fourteenth	_ord_	JJ	ORDINAL	series	_YES_	O/0.965364	O/0.965364	_COMP_/0.000058	_YES_/0.034578
fp	14	Q8070684	247	2	two	_num_	CD	NUMBER	team	O	O/0.804115	O/0.804115	_COMP_/0.000279	_YES_/0.195606
fn	6	Q45875	2	3	first	_ord_	JJ	ORDINAL	volume	_YES_	O/0.963719	O/0.963719	_COMP_/0.000069	_YES_/0.036212
fp	6	Q45875	3	9	LatinGreek_trilogy_3	_logy_	NN	O	O	O	_YES_/0.654187	O/0.345469	_COMP_/0.000344	_YES_/0.654187
fn	6	Q45875	4	1	fifth	_ord_	JJ	ORDINAL	volume	_YES_	O/0.980851	O/0.980851	_COMP_/0.000031	_YES_/0.019118
fn	6	Q45875	14	1	fourth	_ord_	JJ	ORDINAL	volume	_YES_	O/0.973163	O/0.973163	_COMP_/0.000033	_YES_/0.026804
fn	6	Q45875	14	3	fifth	_ord_	JJ	ORDINAL	O	_YES_	O/0.995841	O/0.995841	_COMP_/0.000048	_YES_/0.004111
fp	6	Q45875	53	26	LatinGreek_trilogy_3	_logy_	NN	O	O	O	_YES_/0.579870	O/0.419766	_COMP_/0.000364	_YES_/0.579870
fp	6	Q45875	54	36	LatinGreek_trilogies_3	_logy_	NN	O	O	O	O/0.734779	O/0.734779	_COMP_/0.003020	_YES_/0.262201
fn	6	Q45875	70	1	fourth	_ord_	JJ	ORDINAL	book	_YES_	O/0.951082	O/0.951082	_COMP_/0.000046	_YES_/0.048872
fp	6	Q45875	104	24	LatinGreek_trilogy_3	_logy_	NN	O	O	O	_YES_/0.533007	O/0.466480	_COMP_/0.000513	_YES_/0.533007
fn	6	Q45875	107	29	fifth	_ord_	JJ	ORDINAL	book	_YES_	O/0.984478	O/0.984478	_COMP_/0.000056	_YES_/0.015466
fn	6	Q45875	181	29	fifth	_ord_	JJ	ORDINAL	book	_YES_	O/0.959688	O/0.959688	_COMP_/0.000078	_YES_/0.040234
fn	6	Q45875	295	17	fifth	_ord_	JJ	ORDINAL	book	_YES_	O/0.984873	O/0.984873	_COMP_/0.000049	_YES_/0.015078
tp	6	Q45875	302	1	fourth	_ord_	JJ	ORDINAL	installment	_YES_	O/0.857486	O/0.857486	_COMP_/0.000076	_YES_/0.142438
fn	6	Q45875	310	7	fifth	_ord_	JJ	ORDINAL	volume	_YES_	O/0.924849	O/0.924849	_COMP_/0.000132	_YES_/0.075019
tp	6	Q45875	311	1	five	_num_	CD	NUMBER	volume	_YES_	O/0.799257	O/0.799257	_COMP_/0.000422	_YES_/0.200321
tp	6	Q45875	334	1	first	_ord_	JJ	ORDINAL	installment	_YES_	O/0.857487	O/0.857487	_COMP_/0.000076	_YES_/0.142437
tp	6	Q45875	352	4	fourth	_ord_	JJ	ORDINAL	season	_YES_	O/0.866990	O/0.866990	_COMP_/0.000146	_YES_/0.132863
fn	6	Q45875	352	20	fifth	_ord_	JJ	ORDINAL	season	_YES_	O/0.993761	O/0.993761	_COMP_/0.000030	_YES_/0.006209
tp	6	Q45875	355	1	sixth	_ord_	JJ	ORDINAL	season	_YES_	O/0.813300	O/0.813300	_COMP_/0.000121	_YES_/0.186580
fn	5	Q478360	3	23	five	_num_	CD	NUMBER	season	_YES_	O/0.997039	O/0.997039	_COMP_/0.000033	_YES_/0.002928
fn	5	Q478360	66	33	five	_num_	CD	NUMBER	season	_YES_	O/0.992376	O/0.992376	_COMP_/0.000066	_YES_/0.007558
fn	5	Q478360	75	5	fifth	_ord_	JJ	ORDINAL	version	_YES_	O/0.979363	O/0.979363	_COMP_/0.000068	_YES_/0.020569
fn	5	Q478360	89	6	five	_num_	CD	NUMBER	season	_YES_	O/0.985925	O/0.985925	_COMP_/0.000072	_YES_/0.014003
fn	5	Q478360	107	1	fifth	_ord_	JJ	ORDINAL	season	_YES_	O/0.954543	O/0.954543	_COMP_/0.000063	_YES_/0.045394
fn	5	Q478360	120	33	fourth	_ord_	JJ	ORDINAL	season	_YES_	O/0.929116	O/0.929116	_COMP_/0.000095	_YES_/0.070789
fn	5	Q478360	172	1	fifth	_ord_	JJ	ORDINAL	season	_YES_	O/0.917559	O/0.917559	_COMP_/0.000084	_YES_/0.082357
fn	5	Q478360	306	1	fifth	_ord_	JJ	ORDINAL	season	_YES_	O/0.949813	O/0.949813	_COMP_/0.000068	_YES_/0.050119
fn	5	Q478360	311	4	fourth	_ord_	JJ	ORDINAL	season	_YES_	O/0.965179	O/0.965179	_COMP_/0.000079	_YES_/0.034742
tp	5	Q478360	350	2	fifth	_ord_	JJ	ORDINAL	season	_YES_	O/0.865304	O/0.865304	_COMP_/0.000097	_YES_/0.134599
tp	5	Q478360	354	1	first	_ord_	JJ	ORDINAL	season	_YES_	O/0.899090	O/0.899090	_COMP_/0.000092	_YES_/0.100818
fn	5	Q478360	361	49	first	_ord_	JJ	ORDINAL	season	_YES_	O/0.950491	O/0.950491	_COMP_/0.000059	_YES_/0.049450
fn	5	Q478360	377	48	fifth	_ord_	JJ	ORDINAL	season	_YES_	O/0.991997	O/0.991997	_COMP_/0.000029	_YES_/0.007974
fn	5	Q478360	393	58	five	_num_	CD	NUMBER	season	_YES_	O/0.996170	O/0.996170	_COMP_/0.000037	_YES_/0.003793
fn	5	Q478360	410	40	five	_num_	CD	NUMBER	season	_YES_	O/0.993422	O/0.993422	_COMP_/0.000056	_YES_/0.006521
fn	5	Q478360	414	3	five	_num_	CD	NUMBER	season	_YES_	O/0.999006	O/0.999006	_COMP_/0.000013	_YES_/0.000981
done [ 1.233 sec] for 100 entities.
